phrase,has_location_change,trigger_type,location,notes
жара в Торонто,1,explicit_location,Торонто,weather
раньше был Сан-Паулу,1,change_phrase,Сан-Паулу,ru change
переехал в Берлин на неделю,1,explicit_location,Берлин,ru loc
living in Кейптаун,1,explicit_location,Кейптаун,en loc
snow in Сидней,1,explicit_location,Сидней,en weather
в Сидней,1,explicit_location,Сидней,weather
уехал в Париж,1,change_phrase,Париж,ru change
созвон from Сан-Франциско,1,explicit_location,Сан-Франциско,mixed
приехала в Питер на неделю,1,explicit_location,Питер,ru loc
живу в Сан-Паулу на неделю,1,explicit_location,Сан-Паулу,ru loc
переехал в Нью-Йорк,1,explicit_location,Нью-Йорк,ru loc
прилетаю в Окленд пока,1,explicit_location,Окленд,ru loc
meeting в Монреаль,1,explicit_location,Монреаль,mixed
приехала в Нью-Йорк на неделю,1,explicit_location,Нью-Йорк,ru loc
I am in Киев,1,explicit_location,Киев,en loc
теперь в Сан-Франциско пока,1,explicit_location,Сан-Франциско,ru loc
переехал в Тбилиси сегодня,1,explicit_location,Тбилиси,ru loc
переехал to Стамбул,1,explicit_location,Стамбул,mixed
прилетаю в Лондон на неделю,1,explicit_location,Лондон,ru loc
теперь в Санкт-Петербург пока,1,explicit_location,Санкт-Петербург,ru loc
теперь в Окленд пока,1,explicit_location,Окленд,ru loc
до этого была Сан-Паулу,1,change_phrase,Сан-Паулу,ru change
are you in Варшава?,1,question,Варшава,en question
прилетаю в Киев,1,explicit_location,Киев,ru loc
moved to Мехико,1,explicit_location,Мехико,en loc
we are in Сан-Франциско,1,explicit_location,Сан-Франциско,en loc
сообщают из Варшава,1,explicit_location,Варшава,news
перебрался в Москва на неделю,1,explicit_location,Москва,ru loc
я в Рига на выходных,1,explicit_location,Рига,ru loc
landing in Барселона,1,explicit_location,Барселона,en loc
приехал в Минск,1,explicit_location,Минск,ru loc
теперь в Сан-Паулу пока,1,explicit_location,Сан-Паулу,ru loc
я в Тбилиси на выходных,1,explicit_location,Тбилиси,ru loc
переехал to Санкт-Петербург,1,explicit_location,Санкт-Петербург,mixed
сообщают из Тбилиси,1,explicit_location,Тбилиси,news
приехал в Токио на неделю,1,explicit_location,Токио,ru loc
ты в Рим?,1,question,Рим,ru question
we are in Барселона,1,explicit_location,Барселона,en loc
живу в Лондон на неделю,1,explicit_location,Лондон,ru loc
теперь живу в Торонто на выходных,1,explicit_location,Торонто,ru loc
переехал в Окленд,1,explicit_location,Окленд,ru loc
теперь в Токио до пятницы,1,explicit_location,Токио,ru loc
сейчас в Рим на выходных,1,explicit_location,Рим,ru loc
прилетаю в Сан-Паулу пока,1,explicit_location,Сан-Паулу,ru loc
переехала в Минск,1,explicit_location,Минск,ru loc
теперь живу в Берлин на неделю,1,explicit_location,Берлин,ru loc
теперь в Лондон на выходных,1,explicit_location,Лондон,ru loc
heat in Лондон,1,explicit_location,Лондон,en weather
жара в Лондон,1,explicit_location,Лондон,weather
we are in Сингапур,1,explicit_location,Сингапур,en loc
созвон from Рим,1,explicit_location,Рим,mixed
приехала в Нью-Йорк до пятницы,1,explicit_location,Нью-Йорк,ru loc
ты в Сан-Франциско?,1,question,Сан-Франциско,ru question
I am in Монреаль,1,explicit_location,Монреаль,en loc
лечу в Питер,1,explicit_location,Питер,ru loc
погода в Берлин,1,explicit_location,Берлин,weather
moving to Сан-Франциско,1,explicit_location,Сан-Франциско,en loc
живу в Киев,1,explicit_location,Киев,ru loc
нахожусь в Барселона на неделю,1,explicit_location,Барселона,ru loc
я в Киев сегодня,1,explicit_location,Киев,ru loc
нахожусь в Окленд пока,1,explicit_location,Окленд,ru loc
приехала в Лондон на выходных,1,explicit_location,Лондон,ru loc
теперь в Буэнос-Айрес на неделю,1,explicit_location,Буэнос-Айрес,ru loc
приехала в Лос-Анджелес сегодня,1,explicit_location,Лос-Анджелес,ru loc
лечу в Париж,1,explicit_location,Париж,ru loc
перебрался в Мехико на неделю,1,explicit_location,Мехико,ru loc
are you in Сидней?,1,question,Сидней,en question
теперь в Нью-Йорк на выходных,1,explicit_location,Нью-Йорк,ru loc
теперь живу в Лондон сегодня,1,explicit_location,Лондон,ru loc
прилетаю в Тбилиси на неделю,1,explicit_location,Тбилиси,ru loc
раньше был Киев,1,change_phrase,Киев,ru change
storm in Москва,1,explicit_location,Москва,en weather
heat in Сан-Франциско,1,explicit_location,Сан-Франциско,en weather
приехал в Торонто,1,explicit_location,Торонто,ru loc
буду в Монреаль пока,1,explicit_location,Монреаль,ru loc
прилетаю в Нью-Йорк на выходных,1,explicit_location,Нью-Йорк,ru loc
срочно из Сан-Паулу,1,explicit_location,Сан-Паулу,news
приехал в Сан-Паулу сегодня,1,explicit_location,Сан-Паулу,ru loc
moving to Окленд,1,explicit_location,Окленд,en loc
лечу в Рига на выходных,1,explicit_location,Рига,ru loc
перебрался в Варшава до пятницы,1,explicit_location,Варшава,ru loc
are you in Минск?,1,question,Минск,en question
перебрался в Варшава,1,explicit_location,Варшава,ru loc
живу в Тбилиси сегодня,1,explicit_location,Тбилиси,ru loc
storm in Кейптаун,1,explicit_location,Кейптаун,en weather
буду в Сидней пока,1,explicit_location,Сидней,ru loc
нахожусь в Париж пока,1,explicit_location,Париж,ru loc
нахожусь в Стамбул сегодня,1,explicit_location,Стамбул,ru loc
уехал в Киев,1,change_phrase,Киев,ru change
лечу в Кейптаун на неделю,1,explicit_location,Кейптаун,ru loc
теперь в Стамбул на выходных,1,explicit_location,Стамбул,ru loc
moving to Торонто,1,explicit_location,Торонто,en loc
до этого был Париж,1,change_phrase,Париж,ru change
we are in Питер,1,explicit_location,Питер,en loc
based in Сан-Франциско,1,explicit_location,Сан-Франциско,en loc
переехал to Минск,1,explicit_location,Минск,mixed
storm in Санкт-Петербург,1,explicit_location,Санкт-Петербург,en weather
приехал в Барселона пока,1,explicit_location,Барселона,ru loc
теперь живу в Дубай до пятницы,1,explicit_location,Дубай,ru loc
теперь в Москва на выходных,1,explicit_location,Москва,ru loc
буду в Окленд на выходных,1,explicit_location,Окленд,ru loc
уехала в Токио,1,change_phrase,Токио,ru change
лечу в Питер до пятницы,1,explicit_location,Питер,ru loc
приехала в Окленд пока,1,explicit_location,Окленд,ru loc
раньше была Рим,1,change_phrase,Рим,ru change
раньше была Кейптаун,1,change_phrase,Кейптаун,ru change
репортаж из Стамбул,1,explicit_location,Стамбул,news
сейчас в Лос-Анджелес до пятницы,1,explicit_location,Лос-Анджелес,ru loc
нахожусь в Кейптаун до пятницы,1,explicit_location,Кейптаун,ru loc
теперь в Монреаль на выходных,1,explicit_location,Монреаль,ru loc
storm in Окленд,1,explicit_location,Окленд,en weather
теперь живу в Рим на неделю,1,explicit_location,Рим,ru loc
приехал в Лондон сегодня,1,explicit_location,Лондон,ru loc
нахожусь в Мехико на выходных,1,explicit_location,Мехико,ru loc
я в Барселона до пятницы,1,explicit_location,Барселона,ru loc
съехала в Лос-Анджелес,1,change_phrase,Лос-Анджелес,ru change
я в Сеул на выходных,1,explicit_location,Сеул,ru loc
лечу в Рига до пятницы,1,explicit_location,Рига,ru loc
лечу в Окленд на неделю,1,explicit_location,Окленд,ru loc
был в Стамбул,1,change_phrase,Стамбул,ru change
переехал в Дубай сегодня,1,explicit_location,Дубай,ru loc
лечу в Прага,1,explicit_location,Прага,ru loc
приехал в Сан-Франциско пока,1,explicit_location,Сан-Франциско,ru loc
репортаж из Сингапур,1,explicit_location,Сингапур,news
переехала в Санкт-Петербург на выходных,1,explicit_location,Санкт-Петербург,ru loc
moving to Сеул,1,explicit_location,Сеул,en loc
теперь живу в Санкт-Петербург сегодня,1,explicit_location,Санкт-Петербург,ru loc
я в Сан-Паулу на неделю,1,explicit_location,Сан-Паулу,ru loc
snow in Берлин,1,explicit_location,Берлин,en weather
буду в Мехико на выходных,1,explicit_location,Мехико,ru loc
до этого был Кейптаун,1,change_phrase,Кейптаун,ru change
moving to Сидней,1,explicit_location,Сидней,en loc
переехала в Москва пока,1,explicit_location,Москва,ru loc
сейчас в Стамбул на выходных,1,explicit_location,Стамбул,ru loc
нахожусь в Питер пока,1,explicit_location,Питер,ru loc
нахожусь в Буэнос-Айрес на выходных,1,explicit_location,Буэнос-Айрес,ru loc
нахожусь в Дубай пока,1,explicit_location,Дубай,ru loc
в Буэнос-Айрес,1,explicit_location,Буэнос-Айрес,weather
weather in Сан-Паулу,1,explicit_location,Сан-Паулу,en weather
переехал в Мехико пока,1,explicit_location,Мехико,ru loc
лечу в Окленд на выходных,1,explicit_location,Окленд,ru loc
переехала в Санкт-Петербург на неделю,1,explicit_location,Санкт-Петербург,ru loc
переехал в Берлин пока,1,explicit_location,Берлин,ru loc
шторм в Лондон,1,explicit_location,Лондон,weather
вы в Сан-Паулу?,1,question,Сан-Паулу,ru question
нахожусь в Сеул до пятницы,1,explicit_location,Сеул,ru loc
сейчас в Санкт-Петербург на неделю,1,explicit_location,Санкт-Петербург,ru loc
теперь в Мехико на неделю,1,explicit_location,Мехико,ru loc
я в Лос-Анджелес на неделю,1,explicit_location,Лос-Анджелес,ru loc
сейчас в Санкт-Петербург до пятницы,1,explicit_location,Санкт-Петербург,ru loc
я в Сингапур пока,1,explicit_location,Сингапур,ru loc
приехал в Рим пока,1,explicit_location,Рим,ru loc
приехала в Лондон пока,1,explicit_location,Лондон,ru loc
are we in Кейптаун?,1,question,Кейптаун,en question
переехал в Рим на неделю,1,explicit_location,Рим,ru loc
я сейчас in Буэнос-Айрес,1,explicit_location,Буэнос-Айрес,mixed
now in Минск,1,explicit_location,Минск,en loc
нахожусь в Берлин пока,1,explicit_location,Берлин,ru loc
лечу в Сингапур,1,explicit_location,Сингапур,ru loc
буду в Берлин на выходных,1,explicit_location,Берлин,ru loc
переехала в Стамбул пока,1,explicit_location,Стамбул,ru loc
буду в Мехико на неделю,1,explicit_location,Мехико,ru loc
теперь живу в Сеул сегодня,1,explicit_location,Сеул,ru loc
are we in Прага?,1,question,Прага,en question
сообщают из Кейптаун,1,explicit_location,Кейптаун,news
жара в Дубай,1,explicit_location,Дубай,weather
лечу в Рига на неделю,1,explicit_location,Рига,ru loc
живу в Мехико,1,explicit_location,Мехико,ru loc
теперь в Лос-Анджелес до пятницы,1,explicit_location,Лос-Анджелес,ru loc
weather in Москва,1,explicit_location,Москва,en weather
буду в Санкт-Петербург на неделю,1,explicit_location,Санкт-Петербург,ru loc
приехала в Стамбул на неделю,1,explicit_location,Стамбул,ru loc
новости из Питер,1,explicit_location,Питер,news
мы в Токио?,1,question,Токио,ru question
are you in Сан-Франциско?,1,question,Сан-Франциско,en question
я в Барселона пока,1,explicit_location,Барселона,ru loc
я в Сеул до пятницы,1,explicit_location,Сеул,ru loc
приехал в Кейптаун пока,1,explicit_location,Кейптаун,ru loc
съехала в Париж,1,change_phrase,Париж,ru change
вы в Монреаль?,1,question,Монреаль,ru question
сейчас в Кейптаун до пятницы,1,explicit_location,Кейптаун,ru loc
я в Рига пока,1,explicit_location,Рига,ru loc
новости из Барселона,1,explicit_location,Барселона,news
живу в Кейптаун на неделю,1,explicit_location,Кейптаун,ru loc
переехала в Тбилиси пока,1,explicit_location,Тбилиси,ru loc
landing in Сидней,1,explicit_location,Сидней,en loc
живу в Варшава до пятницы,1,explicit_location,Варшава,ru loc
ты в Прага?,1,question,Прага,ru question
приехал в Сан-Паулу на неделю,1,explicit_location,Сан-Паулу,ru loc
до этого была Варшава,1,change_phrase,Варшава,ru change
теперь в Рига на неделю,1,explicit_location,Рига,ru loc
flying to Торонто,1,explicit_location,Торонто,en loc
ты уже в Стамбул?,1,question,Стамбул,ru question
буду в Барселона до пятницы,1,explicit_location,Барселона,ru loc
нахожусь в Торонто,1,explicit_location,Торонто,ru loc
storm in Сеул,1,explicit_location,Сеул,en weather
переехала в Барселона на неделю,1,explicit_location,Барселона,ru loc
живу в Сингапур на выходных,1,explicit_location,Сингапур,ru loc
теперь в Санкт-Петербург,1,explicit_location,Санкт-Петербург,ru loc
погода в Буэнос-Айрес,1,explicit_location,Буэнос-Айрес,weather
living in Лос-Анджелес,1,explicit_location,Лос-Анджелес,en loc
переехала в Берлин на неделю,1,explicit_location,Берлин,ru loc
я в Торонто пока,1,explicit_location,Торонто,ru loc
переехал в Сан-Паулу на выходных,1,explicit_location,Сан-Паулу,ru loc
нахожусь в Варшава на неделю,1,explicit_location,Варшава,ru loc
moved to Дубай,1,explicit_location,Дубай,en loc
лечу в Сан-Паулу,1,explicit_location,Сан-Паулу,ru loc
перебрался в Питер на выходных,1,explicit_location,Питер,ru loc
живу в Париж до пятницы,1,explicit_location,Париж,ru loc
сейчас в Лос-Анджелес сегодня,1,explicit_location,Лос-Анджелес,ru loc
в Минск,1,explicit_location,Минск,weather
приехала в Берлин пока,1,explicit_location,Берлин,ru loc
приехала в Буэнос-Айрес пока,1,explicit_location,Буэнос-Айрес,ru loc
раньше был Прага,1,change_phrase,Прага,ru change
перебрался в Сидней пока,1,explicit_location,Сидней,ru loc
living in Питер,1,explicit_location,Питер,en loc
переехал to Лос-Анджелес,1,explicit_location,Лос-Анджелес,mixed
сейчас в Сидней на выходных,1,explicit_location,Сидней,ru loc
теперь живу в Окленд,1,explicit_location,Окленд,ru loc
живу в Стамбул на неделю,1,explicit_location,Стамбул,ru loc
лечу в Берлин,1,explicit_location,Берлин,ru loc
буду в Окленд пока,1,explicit_location,Окленд,ru loc
перебрался в Дубай до пятницы,1,explicit_location,Дубай,ru loc
переехал в Лондон на выходных,1,explicit_location,Лондон,ru loc
репортаж из Санкт-Петербург,1,explicit_location,Санкт-Петербург,news
новости из Торонто,1,explicit_location,Торонто,news
переехал в Рига на неделю,1,explicit_location,Рига,ru loc
лечу в Лондон сегодня,1,explicit_location,Лондон,ru loc
приехала в Кейптаун на неделю,1,explicit_location,Кейптаун,ru loc
нахожусь в Рим до пятницы,1,explicit_location,Рим,ru loc
в Мехико,1,explicit_location,Мехико,weather
прилетаю в Лос-Анджелес,1,explicit_location,Лос-Анджелес,ru loc
прилетаю в Мехико до пятницы,1,explicit_location,Мехико,ru loc
перебрался в Монреаль,1,explicit_location,Монреаль,ru loc
moving to Стамбул,1,explicit_location,Стамбул,en loc
нахожусь в Сан-Паулу сегодня,1,explicit_location,Сан-Паулу,ru loc
snow in Сингапур,1,explicit_location,Сингапур,en weather
приехал в Нью-Йорк на неделю,1,explicit_location,Нью-Йорк,ru loc
сейчас в Париж на неделю,1,explicit_location,Париж,ru loc
living in Рим,1,explicit_location,Рим,en loc
созвон from Кейптаун,1,explicit_location,Кейптаун,mixed
перебрался в Нью-Йорк сегодня,1,explicit_location,Нью-Йорк,ru loc
weather in Рига,1,explicit_location,Рига,en weather
переехал в Мехико,1,explicit_location,Мехико,ru loc
шторм в Кейптаун,1,explicit_location,Кейптаун,weather
сейчас в Кейптаун на неделю,1,explicit_location,Кейптаун,ru loc
я сейчас in Токио,1,explicit_location,Токио,mixed
лечу в Стамбул сегодня,1,explicit_location,Стамбул,ru loc
лечу в Окленд до пятницы,1,explicit_location,Окленд,ru loc
прилетаю в Кейптаун,1,explicit_location,Кейптаун,ru loc
living in Сан-Франциско,1,explicit_location,Сан-Франциско,en loc
шторм в Сидней,1,explicit_location,Сидней,weather
до этого была Париж,1,change_phrase,Париж,ru change
ты в Варшава?,1,question,Варшава,ru question
сейчас в Сеул на выходных,1,explicit_location,Сеул,ru loc
living in Буэнос-Айрес,1,explicit_location,Буэнос-Айрес,en loc
прилетаю в Торонто на неделю,1,explicit_location,Торонто,ru loc
приехала в Минск до пятницы,1,explicit_location,Минск,ru loc
срочно из Москва,1,explicit_location,Москва,news
лечу в Нью-Йорк на неделю,1,explicit_location,Нью-Йорк,ru loc
а ты сейчас в Тбилиси?,1,question,Тбилиси,ru question
теперь в Санкт-Петербург на выходных,1,explicit_location,Санкт-Петербург,ru loc
flying to Лос-Анджелес,1,explicit_location,Лос-Анджелес,en loc
сейчас в Рига на неделю,1,explicit_location,Рига,ru loc
переехал в Тбилиси,1,explicit_location,Тбилиси,ru loc
приехал в Сидней пока,1,explicit_location,Сидней,ru loc
был в Кейптаун,1,change_phrase,Кейптаун,ru change
а ты сейчас в Стамбул?,1,question,Стамбул,ru question
теперь живу в Дубай пока,1,explicit_location,Дубай,ru loc
переехала в Сан-Франциско до пятницы,1,explicit_location,Сан-Франциско,ru loc
heat in Токио,1,explicit_location,Токио,en weather
я в Париж на неделю,1,explicit_location,Париж,ru loc
snow in Минск,1,explicit_location,Минск,en weather
heat in Сингапур,1,explicit_location,Сингапур,en weather
перебрался в Рим на выходных,1,explicit_location,Рим,ru loc
переехала в Нью-Йорк пока,1,explicit_location,Нью-Йорк,ru loc
moving to Дубай,1,explicit_location,Дубай,en loc
была в Тбилиси,1,change_phrase,Тбилиси,ru change
сейчас в Варшава до пятницы,1,explicit_location,Варшава,ru loc
буду в Прага пока,1,explicit_location,Прага,ru loc
теперь живу в Нью-Йорк до пятницы,1,explicit_location,Нью-Йорк,ru loc
созвон from Мехико,1,explicit_location,Мехико,mixed
приехала в Минск пока,1,explicit_location,Минск,ru loc
переехал в Нью-Йорк на выходных,1,explicit_location,Нью-Йорк,ru loc
перебрался в Буэнос-Айрес сегодня,1,explicit_location,Буэнос-Айрес,ru loc
перебрался в Окленд до пятницы,1,explicit_location,Окленд,ru loc
приехал в Монреаль на выходных,1,explicit_location,Монреаль,ru loc
ты в Дубай?,1,question,Дубай,ru question
буду в Стамбул до пятницы,1,explicit_location,Стамбул,ru loc
приехал в Кейптаун,1,explicit_location,Кейптаун,ru loc
storm in Буэнос-Айрес,1,explicit_location,Буэнос-Айрес,en weather
теперь в Токио пока,1,explicit_location,Токио,ru loc
теперь живу в Сеул пока,1,explicit_location,Сеул,ru loc
лечу в Сан-Франциско на неделю,1,explicit_location,Сан-Франциско,ru loc
переехал в Барселона до пятницы,1,explicit_location,Барселона,ru loc
прилетаю в Монреаль на неделю,1,explicit_location,Монреаль,ru loc
переехала в Окленд до пятницы,1,explicit_location,Окленд,ru loc
flying to Буэнос-Айрес,1,explicit_location,Буэнос-Айрес,en loc
теперь живу в Минск пока,1,explicit_location,Минск,ru loc
переехал в Москва,1,explicit_location,Москва,ru loc
лечу в Киев на выходных,1,explicit_location,Киев,ru loc
приехал в Лондон до пятницы,1,explicit_location,Лондон,ru loc
landing in Сингапур,1,explicit_location,Сингапур,en loc
съехал в Рига,1,change_phrase,Рига,ru change
living in Прага,1,explicit_location,Прага,en loc
сейчас в Сеул пока,1,explicit_location,Сеул,ru loc
уехал в Питер,1,change_phrase,Питер,ru change
теперь живу в Париж на выходных,1,explicit_location,Париж,ru loc
новости из Москва,1,explicit_location,Москва,news
сейчас в Нью-Йорк на неделю,1,explicit_location,Нью-Йорк,ru loc
мы в Буэнос-Айрес?,1,question,Буэнос-Айрес,ru question
прилетаю в Сан-Паулу сегодня,1,explicit_location,Сан-Паулу,ru loc
шторм в Рим,1,explicit_location,Рим,weather
moving to Сингапур,1,explicit_location,Сингапур,en loc
storm in Сан-Паулу,1,explicit_location,Сан-Паулу,en weather
теперь живу в Тбилиси сегодня,1,explicit_location,Тбилиси,ru loc
теперь в Лондон до пятницы,1,explicit_location,Лондон,ru loc
мы в Монреаль?,1,question,Монреаль,ru question
я в Москва сегодня,1,explicit_location,Москва,ru loc
приехал в Прага на неделю,1,explicit_location,Прага,ru loc
теперь в Рига до пятницы,1,explicit_location,Рига,ru loc
я сейчас in Нью-Йорк,1,explicit_location,Нью-Йорк,mixed
сообщают из Сан-Паулу,1,explicit_location,Сан-Паулу,news
нахожусь в Стамбул на неделю,1,explicit_location,Стамбул,ru loc
до этого был Барселона,1,change_phrase,Барселона,ru change
приехала в Буэнос-Айрес,1,explicit_location,Буэнос-Айрес,ru loc
теперь в Париж на выходных,1,explicit_location,Париж,ru loc
до этого был Нью-Йорк,1,change_phrase,Нью-Йорк,ru change
погода в Москва,1,explicit_location,Москва,weather
нахожусь в Монреаль сегодня,1,explicit_location,Монреаль,ru loc
срочно из Сингапур,1,explicit_location,Сингапур,news
flying to Сидней,1,explicit_location,Сидней,en loc
живу в Сеул на выходных,1,explicit_location,Сеул,ru loc
срочно из Сан-Франциско,1,explicit_location,Сан-Франциско,news
прилетаю в Стамбул до пятницы,1,explicit_location,Стамбул,ru loc
сейчас в Сидней,1,explicit_location,Сидней,ru loc
сейчас в Рига,1,explicit_location,Рига,ru loc
перебрался в Питер,1,explicit_location,Питер,ru loc
мы в Москва?,1,question,Москва,ru question
сейчас в Токио пока,1,explicit_location,Токио,ru loc
уехала в Сан-Франциско,1,change_phrase,Сан-Франциско,ru change
дождь в Стамбул,1,explicit_location,Стамбул,weather
сейчас в Торонто пока,1,explicit_location,Торонто,ru loc
snow in Прага,1,explicit_location,Прага,en weather
живу в Окленд пока,1,explicit_location,Окленд,ru loc
прилетаю в Сеул на выходных,1,explicit_location,Сеул,ru loc
based in Торонто,1,explicit_location,Торонто,en loc
нахожусь в Москва сегодня,1,explicit_location,Москва,ru loc
are you still in Сан-Франциско?,1,question,Сан-Франциско,en question
буду в Киев,1,explicit_location,Киев,ru loc
я в Дубай на неделю,1,explicit_location,Дубай,ru loc
репортаж из Лондон,1,explicit_location,Лондон,news
переехала в Кейптаун сегодня,1,explicit_location,Кейптаун,ru loc
перебрался в Киев пока,1,explicit_location,Киев,ru loc
лечу в Санкт-Петербург пока,1,explicit_location,Санкт-Петербург,ru loc
съехала в Сан-Франциско,1,change_phrase,Сан-Франциско,ru change
приехала в Стамбул,1,explicit_location,Стамбул,ru loc
переехал в Варшава на неделю,1,explicit_location,Варшава,ru loc
я в Сидней,1,explicit_location,Сидней,ru loc
moved to Лос-Анджелес,1,explicit_location,Лос-Анджелес,en loc
раньше была Окленд,1,change_phrase,Окленд,ru change
теперь в Сан-Франциско на неделю,1,explicit_location,Сан-Франциско,ru loc
буду в Рим на выходных,1,explicit_location,Рим,ru loc
теперь в Берлин до пятницы,1,explicit_location,Берлин,ru loc
переехал в Минск,1,explicit_location,Минск,ru loc
мы в Нью-Йорк?,1,question,Нью-Йорк,ru question
теперь живу в Минск на неделю,1,explicit_location,Минск,ru loc
weather in Сингапур,1,explicit_location,Сингапур,en weather
приехала в Окленд до пятницы,1,explicit_location,Окленд,ru loc
переехал в Мехико сегодня,1,explicit_location,Мехико,ru loc
жара в Нью-Йорк,1,explicit_location,Нью-Йорк,weather
лечу в Лондон до пятницы,1,explicit_location,Лондон,ru loc
переехал в Кейптаун до пятницы,1,explicit_location,Кейптаун,ru loc
перебрался в Рим пока,1,explicit_location,Рим,ru loc
новости из Буэнос-Айрес,1,explicit_location,Буэнос-Айрес,news
приехал в Сингапур до пятницы,1,explicit_location,Сингапур,ru loc
созвон from Варшава,1,explicit_location,Варшава,mixed
до этого был Мехико,1,change_phrase,Мехико,ru change
теперь живу в Торонто сегодня,1,explicit_location,Торонто,ru loc
была в Торонто,1,change_phrase,Торонто,ru change
moved to Сидней,1,explicit_location,Сидней,en loc
уехал в Буэнос-Айрес,1,change_phrase,Буэнос-Айрес,ru change
weather in Берлин,1,explicit_location,Берлин,en weather
буду в Берлин до пятницы,1,explicit_location,Берлин,ru loc
уехал в Нью-Йорк,1,change_phrase,Нью-Йорк,ru change
meeting в Барселона,1,explicit_location,Барселона,mixed
нахожусь в Монреаль до пятницы,1,explicit_location,Монреаль,ru loc
приехала в Лос-Анджелес на неделю,1,explicit_location,Лос-Анджелес,ru loc
нахожусь в Питер сегодня,1,explicit_location,Питер,ru loc
перебрался в Дубай на неделю,1,explicit_location,Дубай,ru loc
прилетаю в Прага,1,explicit_location,Прага,ru loc
переехала в Сидней сегодня,1,explicit_location,Сидней,ru loc
нахожусь в Сидней пока,1,explicit_location,Сидней,ru loc
перебрался в Санкт-Петербург на выходных,1,explicit_location,Санкт-Петербург,ru loc
буду в Сингапур на выходных,1,explicit_location,Сингапур,ru loc
are you in Рим?,1,question,Рим,en question
перебрался в Монреаль на выходных,1,explicit_location,Монреаль,ru loc
буду в Монреаль на выходных,1,explicit_location,Монреаль,ru loc
до этого был Торонто,1,change_phrase,Торонто,ru change
приехал в Сидней сегодня,1,explicit_location,Сидней,ru loc
жара в Сан-Паулу,1,explicit_location,Сан-Паулу,weather
погода в Париж,1,explicit_location,Париж,weather
живу в Торонто пока,1,explicit_location,Торонто,ru loc
нахожусь в Мехико,1,explicit_location,Мехико,ru loc
раньше был Рим,1,change_phrase,Рим,ru change
сейчас в Киев,1,explicit_location,Киев,ru loc
перебрался в Токио на неделю,1,explicit_location,Токио,ru loc
приехала в Берлин сегодня,1,explicit_location,Берлин,ru loc
переехал в Минск сегодня,1,explicit_location,Минск,ru loc
лечу в Барселона на выходных,1,explicit_location,Барселона,ru loc
сейчас в Рим на неделю,1,explicit_location,Рим,ru loc
раньше был Мехико,1,change_phrase,Мехико,ru change
я сейчас in Прага,1,explicit_location,Прага,mixed
была в Прага,1,change_phrase,Прага,ru change
сейчас в Сеул сегодня,1,explicit_location,Сеул,ru loc
переехал в Берлин до пятницы,1,explicit_location,Берлин,ru loc
приехала в Нью-Йорк пока,1,explicit_location,Нью-Йорк,ru loc
приехал в Москва пока,1,explicit_location,Москва,ru loc
are we in Торонто?,1,question,Торонто,en question
based in Питер,1,explicit_location,Питер,en loc
я сейчас in Тбилиси,1,explicit_location,Тбилиси,mixed
лечу в Буэнос-Айрес на выходных,1,explicit_location,Буэнос-Айрес,ru loc
лечу в Сан-Франциско сегодня,1,explicit_location,Сан-Франциско,ru loc
теперь живу в Рим до пятницы,1,explicit_location,Рим,ru loc
сейчас в Нью-Йорк на выходных,1,explicit_location,Нью-Йорк,ru loc
в Рим,1,explicit_location,Рим,weather
лечу в Сидней до пятницы,1,explicit_location,Сидней,ru loc
живу в Рига пока,1,explicit_location,Рига,ru loc
перебрался в Лондон пока,1,explicit_location,Лондон,ru loc
приехала в Мехико до пятницы,1,explicit_location,Мехико,ru loc
перебрался в Берлин пока,1,explicit_location,Берлин,ru loc
лечу в Торонто на неделю,1,explicit_location,Торонто,ru loc
based in Стамбул,1,explicit_location,Стамбул,en loc
перебрался в Тбилиси до пятницы,1,explicit_location,Тбилиси,ru loc
съехал в Варшава,1,change_phrase,Варшава,ru change
в Санкт-Петербург,1,explicit_location,Санкт-Петербург,weather
прилетаю в Лондон сегодня,1,explicit_location,Лондон,ru loc
прилетаю в Дубай сегодня,1,explicit_location,Дубай,ru loc
был в Монреаль,1,change_phrase,Монреаль,ru change
вы в Сан-Франциско?,1,question,Сан-Франциско,ru question
новости из Стамбул,1,explicit_location,Стамбул,news
переехал в Сингапур сегодня,1,explicit_location,Сингапур,ru loc
snow in Барселона,1,explicit_location,Барселона,en weather
snow in Лондон,1,explicit_location,Лондон,en weather
переехал в Санкт-Петербург до пятницы,1,explicit_location,Санкт-Петербург,ru loc
репортаж из Варшава,1,explicit_location,Варшава,news
переехал в Киев,1,explicit_location,Киев,ru loc
теперь живу в Дубай,1,explicit_location,Дубай,ru loc
дождь в Тбилиси,1,explicit_location,Тбилиси,weather
meeting в Сидней,1,explicit_location,Сидней,mixed
перебрался в Варшава сегодня,1,explicit_location,Варшава,ru loc
storm in Минск,1,explicit_location,Минск,en weather
сообщают из Торонто,1,explicit_location,Торонто,news
лечу в Барселона пока,1,explicit_location,Барселона,ru loc
лечу в Монреаль,1,explicit_location,Монреаль,ru loc
теперь живу в Сингапур на неделю,1,explicit_location,Сингапур,ru loc
приехала в Монреаль,1,explicit_location,Монреаль,ru loc
а ты сейчас в Сан-Паулу?,1,question,Сан-Паулу,ru question
сообщают из Мехико,1,explicit_location,Мехико,news
приехал в Париж до пятницы,1,explicit_location,Париж,ru loc
heat in Киев,1,explicit_location,Киев,en weather
сейчас в Москва до пятницы,1,explicit_location,Москва,ru loc
нахожусь в Стамбул до пятницы,1,explicit_location,Стамбул,ru loc
прилетаю в Прага на неделю,1,explicit_location,Прага,ru loc
прилетаю в Сан-Франциско до пятницы,1,explicit_location,Сан-Франциско,ru loc
теперь в Окленд сегодня,1,explicit_location,Окленд,ru loc
приехал в Кейптаун на неделю,1,explicit_location,Кейптаун,ru loc
новости из Варшава,1,explicit_location,Варшава,news
живу в Лос-Анджелес сегодня,1,explicit_location,Лос-Анджелес,ru loc
приехала в Кейптаун,1,explicit_location,Кейптаун,ru loc
буду в Стамбул пока,1,explicit_location,Стамбул,ru loc
теперь в Мехико на выходных,1,explicit_location,Мехико,ru loc
now in Сеул,1,explicit_location,Сеул,en loc
в Сеул,1,explicit_location,Сеул,weather
нахожусь в Барселона до пятницы,1,explicit_location,Барселона,ru loc
приехала в Варшава на выходных,1,explicit_location,Варшава,ru loc
я в Стамбул на выходных,1,explicit_location,Стамбул,ru loc
приехал в Париж сегодня,1,explicit_location,Париж,ru loc
are you still in Рим?,1,question,Рим,en question
переехал в Стамбул сегодня,1,explicit_location,Стамбул,ru loc
буду в Тбилиси пока,1,explicit_location,Тбилиси,ru loc
я в Окленд на выходных,1,explicit_location,Окленд,ru loc
сообщают из Барселона,1,explicit_location,Барселона,news
я в Рига на неделю,1,explicit_location,Рига,ru loc
теперь в Буэнос-Айрес пока,1,explicit_location,Буэнос-Айрес,ru loc
переехала в Мехико на неделю,1,explicit_location,Мехико,ru loc
теперь в Питер на выходных,1,explicit_location,Питер,ru loc
вы в Берлин?,1,question,Берлин,ru question
была в Рига,1,change_phrase,Рига,ru change
heat in Рига,1,explicit_location,Рига,en weather
лечу в Дубай сегодня,1,explicit_location,Дубай,ru loc
приехал в Питер пока,1,explicit_location,Питер,ru loc
нахожусь в Санкт-Петербург сегодня,1,explicit_location,Санкт-Петербург,ru loc
нахожусь в Тбилиси сегодня,1,explicit_location,Тбилиси,ru loc
лечу в Питер на неделю,1,explicit_location,Питер,ru loc
переехала в Барселона до пятницы,1,explicit_location,Барселона,ru loc
переехал в Рим,1,explicit_location,Рим,ru loc
переехала в Окленд на неделю,1,explicit_location,Окленд,ru loc
перебрался в Кейптаун на выходных,1,explicit_location,Кейптаун,ru loc
мы в Сан-Паулу?,1,question,Сан-Паулу,ru question
переехал в Рига на выходных,1,explicit_location,Рига,ru loc
heat in Санкт-Петербург,1,explicit_location,Санкт-Петербург,en weather
based in Прага,1,explicit_location,Прага,en loc
приехала в Стамбул сегодня,1,explicit_location,Стамбул,ru loc
репортаж из Буэнос-Айрес,1,explicit_location,Буэнос-Айрес,news
созвон from Киев,1,explicit_location,Киев,mixed
переехала в Кейптаун пока,1,explicit_location,Кейптаун,ru loc
погода в Тбилиси,1,explicit_location,Тбилиси,weather
снег в Сеул,1,explicit_location,Сеул,weather
я в Париж до пятницы,1,explicit_location,Париж,ru loc
weather in Киев,1,explicit_location,Киев,en weather
переехала в Лос-Анджелес сегодня,1,explicit_location,Лос-Анджелес,ru loc
нахожусь в Сеул пока,1,explicit_location,Сеул,ru loc
based in Тбилиси,1,explicit_location,Тбилиси,en loc
теперь живу в Сеул на выходных,1,explicit_location,Сеул,ru loc
снег в Буэнос-Айрес,1,explicit_location,Буэнос-Айрес,weather
are we in Париж?,1,question,Париж,en question
living in Окленд,1,explicit_location,Окленд,en loc
буду в Стамбул сегодня,1,explicit_location,Стамбул,ru loc
живу в Нью-Йорк до пятницы,1,explicit_location,Нью-Йорк,ru loc
now in Окленд,1,explicit_location,Окленд,en loc
переехала в Стамбул сегодня,1,explicit_location,Стамбул,ru loc
прилетаю в Дубай на неделю,1,explicit_location,Дубай,ru loc
живу в Сидней,1,explicit_location,Сидней,ru loc
переехала в Берлин до пятницы,1,explicit_location,Берлин,ru loc
прилетаю в Питер на выходных,1,explicit_location,Питер,ru loc
в Лос-Анджелес,1,explicit_location,Лос-Анджелес,weather
живу в Сан-Франциско,1,explicit_location,Сан-Франциско,ru loc
сейчас в Санкт-Петербург,1,explicit_location,Санкт-Петербург,ru loc
буду в Сан-Паулу на неделю,1,explicit_location,Сан-Паулу,ru loc
heat in Торонто,1,explicit_location,Торонто,en weather
созвон from Сингапур,1,explicit_location,Сингапур,mixed
буду в Москва на неделю,1,explicit_location,Москва,ru loc
раньше была Москва,1,change_phrase,Москва,ru change
лечу в Берлин до пятницы,1,explicit_location,Берлин,ru loc
прилетаю в Рим на неделю,1,explicit_location,Рим,ru loc
лечу в Тбилиси сегодня,1,explicit_location,Тбилиси,ru loc
приехал в Кейптаун до пятницы,1,explicit_location,Кейптаун,ru loc
are you already in Киев?,1,question,Киев,en question
теперь в Торонто,1,explicit_location,Торонто,ru loc
погода в Санкт-Петербург,1,explicit_location,Санкт-Петербург,weather
я в Москва на выходных,1,explicit_location,Москва,ru loc
я в Кейптаун на выходных,1,explicit_location,Кейптаун,ru loc
живу в Токио,1,explicit_location,Токио,ru loc
буду в Лос-Анджелес до пятницы,1,explicit_location,Лос-Анджелес,ru loc
I am in Минск,1,explicit_location,Минск,en loc
съехала в Сингапур,1,change_phrase,Сингапур,ru change
переехала в Буэнос-Айрес пока,1,explicit_location,Буэнос-Айрес,ru loc
прилетаю в Буэнос-Айрес,1,explicit_location,Буэнос-Айрес,ru loc
приехала в Монреаль пока,1,explicit_location,Монреаль,ru loc
приехала в Сеул до пятницы,1,explicit_location,Сеул,ru loc
я в Нью-Йорк сегодня,1,explicit_location,Нью-Йорк,ru loc
был в Санкт-Петербург,1,change_phrase,Санкт-Петербург,ru change
лечу в Токио на выходных,1,explicit_location,Токио,ru loc
сейчас в Питер,1,explicit_location,Питер,ru loc
буду в Буэнос-Айрес,1,explicit_location,Буэнос-Айрес,ru loc
погода в Прага,1,explicit_location,Прага,weather
теперь в Прага пока,1,explicit_location,Прага,ru loc
живу в Мехико до пятницы,1,explicit_location,Мехико,ru loc
приехала в Прага на выходных,1,explicit_location,Прага,ru loc
прилетаю в Рига до пятницы,1,explicit_location,Рига,ru loc
перебрался в Сеул на неделю,1,explicit_location,Сеул,ru loc
приехала в Торонто до пятницы,1,explicit_location,Торонто,ru loc
we are in Стамбул,1,explicit_location,Стамбул,en loc
буду в Сингапур на неделю,1,explicit_location,Сингапур,ru loc
are you already in Торонто?,1,question,Торонто,en question
сейчас в Сингапур,1,explicit_location,Сингапур,ru loc
теперь в Кейптаун пока,1,explicit_location,Кейптаун,ru loc
новости из Мехико,1,explicit_location,Мехико,news
ты в Кейптаун?,1,question,Кейптаун,ru question
переехала в Сидней до пятницы,1,explicit_location,Сидней,ru loc
переехала в Монреаль на неделю,1,explicit_location,Монреаль,ru loc
срочно из Лос-Анджелес,1,explicit_location,Лос-Анджелес,news
переехал в Мехико на неделю,1,explicit_location,Мехико,ru loc
living in Киев,1,explicit_location,Киев,en loc
я в Москва,1,explicit_location,Москва,ru loc
перебрался в Прага на выходных,1,explicit_location,Прага,ru loc
до этого была Буэнос-Айрес,1,change_phrase,Буэнос-Айрес,ru change
а ты сейчас в Лондон?,1,question,Лондон,ru question
приехала в Киев сегодня,1,explicit_location,Киев,ru loc
are you already in Лондон?,1,question,Лондон,en question
are we in Санкт-Петербург?,1,question,Санкт-Петербург,en question
раньше был Санкт-Петербург,1,change_phrase,Санкт-Петербург,ru change
are you in Прага?,1,question,Прага,en question
we are in Прага,1,explicit_location,Прага,en loc
перебрался в Тбилиси сегодня,1,explicit_location,Тбилиси,ru loc
приехала в Мехико пока,1,explicit_location,Мехико,ru loc
я в Монреаль на неделю,1,explicit_location,Монреаль,ru loc
приехала в Питер,1,explicit_location,Питер,ru loc
раньше была Питер,1,change_phrase,Питер,ru change
съехал в Сан-Франциско,1,change_phrase,Сан-Франциско,ru change
перебрался в Сидней до пятницы,1,explicit_location,Сидней,ru loc
переехал to Токио,1,explicit_location,Токио,mixed
приехал в Нью-Йорк пока,1,explicit_location,Нью-Йорк,ru loc
лечу в Сидней сегодня,1,explicit_location,Сидней,ru loc
flying to Токио,1,explicit_location,Токио,en loc
буду в Лондон,1,explicit_location,Лондон,ru loc
переехал to Лондон,1,explicit_location,Лондон,mixed
я в Минск до пятницы,1,explicit_location,Минск,ru loc
are you still in Лос-Анджелес?,1,question,Лос-Анджелес,en question
now in Рига,1,explicit_location,Рига,en loc
теперь живу в Рим сегодня,1,explicit_location,Рим,ru loc
переехал в Киев до пятницы,1,explicit_location,Киев,ru loc
переехал в Сидней пока,1,explicit_location,Сидней,ru loc
перебрался в Москва до пятницы,1,explicit_location,Москва,ru loc
лечу в Сидней,1,explicit_location,Сидней,ru loc
snow in Монреаль,1,explicit_location,Монреаль,en weather
прилетаю в Париж до пятницы,1,explicit_location,Париж,ru loc
meeting в Дубай,1,explicit_location,Дубай,mixed
снег в Мехико,1,explicit_location,Мехико,weather
уехал в Токио,1,change_phrase,Токио,ru change
переехал в Тбилиси на неделю,1,explicit_location,Тбилиси,ru loc
сейчас в Монреаль на выходных,1,explicit_location,Монреаль,ru loc
сообщают из Стамбул,1,explicit_location,Стамбул,news
приехал в Берлин пока,1,explicit_location,Берлин,ru loc
лечу в Барселона,1,explicit_location,Барселона,ru loc
перебрался в Минск пока,1,explicit_location,Минск,ru loc
съехала в Лондон,1,change_phrase,Лондон,ru change
раньше была Токио,1,change_phrase,Токио,ru change
приехала в Москва на неделю,1,explicit_location,Москва,ru loc
сейчас в Питер на неделю,1,explicit_location,Питер,ru loc
приехал в Торонто на неделю,1,explicit_location,Торонто,ru loc
сейчас в Лос-Анджелес пока,1,explicit_location,Лос-Анджелес,ru loc
приехала в Париж пока,1,explicit_location,Париж,ru loc
уехал в Минск,1,change_phrase,Минск,ru change
ты уже в Лос-Анджелес?,1,question,Лос-Анджелес,ru question
переехала в Варшава на неделю,1,explicit_location,Варшава,ru loc
репортаж из Торонто,1,explicit_location,Торонто,news
теперь в Буэнос-Айрес до пятницы,1,explicit_location,Буэнос-Айрес,ru loc
буду в Париж до пятницы,1,explicit_location,Париж,ru loc
я сейчас in Рига,1,explicit_location,Рига,mixed
съехал в Питер,1,change_phrase,Питер,ru change
теперь живу в Москва на неделю,1,explicit_location,Москва,ru loc
живу в Нью-Йорк на выходных,1,explicit_location,Нью-Йорк,ru loc
приехала в Лос-Анджелес,1,explicit_location,Лос-Анджелес,ru loc
I am in Мехико,1,explicit_location,Мехико,en loc
переехал в Париж до пятницы,1,explicit_location,Париж,ru loc
я в Окленд на неделю,1,explicit_location,Окленд,ru loc
moving to Москва,1,explicit_location,Москва,en loc
storm in Берлин,1,explicit_location,Берлин,en weather
moving to Лондон,1,explicit_location,Лондон,en loc
переехала в Париж,1,explicit_location,Париж,ru loc
сейчас в Барселона,1,explicit_location,Барселона,ru loc
переехал в Нью-Йорк пока,1,explicit_location,Нью-Йорк,ru loc
приехала в Мехико,1,explicit_location,Мехико,ru loc
приехала в Берлин на выходных,1,explicit_location,Берлин,ru loc
прилетаю в Берлин,1,explicit_location,Берлин,ru loc
теперь живу в Сан-Франциско сегодня,1,explicit_location,Сан-Франциско,ru loc
нахожусь в Питер до пятницы,1,explicit_location,Питер,ru loc
приехала в Сидней пока,1,explicit_location,Сидней,ru loc
я в Москва на неделю,1,explicit_location,Москва,ru loc
мы в Париж?,1,question,Париж,ru question
раньше был Париж,1,change_phrase,Париж,ru change
прилетаю в Рига на неделю,1,explicit_location,Рига,ru loc
приехал в Варшава,1,explicit_location,Варшава,ru loc
сейчас в Барселона сегодня,1,explicit_location,Барселона,ru loc
I am in Берлин,1,explicit_location,Берлин,en loc
переехала в Монреаль до пятницы,1,explicit_location,Монреаль,ru loc
теперь живу в Кейптаун сегодня,1,explicit_location,Кейптаун,ru loc
уехала в Париж,1,change_phrase,Париж,ru change
are you already in Лос-Анджелес?,1,question,Лос-Анджелес,en question
приехала в Санкт-Петербург сегодня,1,explicit_location,Санкт-Петербург,ru loc
я в Сан-Франциско,1,explicit_location,Сан-Франциско,ru loc
переехал в Монреаль на неделю,1,explicit_location,Монреаль,ru loc
нахожусь в Дубай на выходных,1,explicit_location,Дубай,ru loc
сейчас в Буэнос-Айрес пока,1,explicit_location,Буэнос-Айрес,ru loc
переехала в Кейптаун,1,explicit_location,Кейптаун,ru loc
я в Тбилиси до пятницы,1,explicit_location,Тбилиси,ru loc
приехал в Мехико до пятницы,1,explicit_location,Мехико,ru loc
теперь в Кейптаун,1,explicit_location,Кейптаун,ru loc
жара в Монреаль,1,explicit_location,Монреаль,weather
переехала в Буэнос-Айрес сегодня,1,explicit_location,Буэнос-Айрес,ru loc
я в Барселона на выходных,1,explicit_location,Барселона,ru loc
съехала в Кейптаун,1,change_phrase,Кейптаун,ru change
погода в Сан-Паулу,1,explicit_location,Сан-Паулу,weather
moving to Буэнос-Айрес,1,explicit_location,Буэнос-Айрес,en loc
сейчас в Кейптаун на выходных,1,explicit_location,Кейптаун,ru loc
нахожусь в Кейптаун на выходных,1,explicit_location,Кейптаун,ru loc
я в Дубай сегодня,1,explicit_location,Дубай,ru loc
meeting в Москва,1,explicit_location,Москва,mixed
heat in Берлин,1,explicit_location,Берлин,en weather
meeting в Торонто,1,explicit_location,Торонто,mixed
приехал в Рим на неделю,1,explicit_location,Рим,ru loc
буду в Киев пока,1,explicit_location,Киев,ru loc
переехала в Рим на выходных,1,explicit_location,Рим,ru loc
раньше была Барселона,1,change_phrase,Барселона,ru change
сейчас в Барселона до пятницы,1,explicit_location,Барселона,ru loc
я в Нью-Йорк,1,explicit_location,Нью-Йорк,ru loc
сейчас в Барселона пока,1,explicit_location,Барселона,ru loc
storm in Сидней,1,explicit_location,Сидней,en weather
moving to Нью-Йорк,1,explicit_location,Нью-Йорк,en loc
перебрался в Стамбул на неделю,1,explicit_location,Стамбул,ru loc
а ты сейчас в Берлин?,1,question,Берлин,ru question
живу в Рига до пятницы,1,explicit_location,Рига,ru loc
съехала в Сан-Паулу,1,change_phrase,Сан-Паулу,ru change
нахожусь в Рига на неделю,1,explicit_location,Рига,ru loc
лечу в Москва пока,1,explicit_location,Москва,ru loc
приехала в Окленд на неделю,1,explicit_location,Окленд,ru loc
переехала в Дубай на выходных,1,explicit_location,Дубай,ru loc
переехал в Монреаль сегодня,1,explicit_location,Монреаль,ru loc
уехал в Барселона,1,change_phrase,Барселона,ru change
сейчас в Париж пока,1,explicit_location,Париж,ru loc
лечу в Токио пока,1,explicit_location,Токио,ru loc
лечу в Лос-Анджелес сегодня,1,explicit_location,Лос-Анджелес,ru loc
репортаж из Монреаль,1,explicit_location,Монреаль,news
лечу в Тбилиси на неделю,1,explicit_location,Тбилиси,ru loc
сообщают из Прага,1,explicit_location,Прага,news
приехал в Минск сегодня,1,explicit_location,Минск,ru loc
сообщают из Монреаль,1,explicit_location,Монреаль,news
приехала в Рига пока,1,explicit_location,Рига,ru loc
meeting в Берлин,1,explicit_location,Берлин,mixed
репортаж из Киев,1,explicit_location,Киев,news
нахожусь в Лондон на выходных,1,explicit_location,Лондон,ru loc
уехала в Буэнос-Айрес,1,change_phrase,Буэнос-Айрес,ru change
живу в Кейптаун на выходных,1,explicit_location,Кейптаун,ru loc
прилетаю в Окленд на неделю,1,explicit_location,Окленд,ru loc
живу в Лондон до пятницы,1,explicit_location,Лондон,ru loc
приехала в Окленд на выходных,1,explicit_location,Окленд,ru loc
теперь в Париж до пятницы,1,explicit_location,Париж,ru loc
нахожусь в Рига на выходных,1,explicit_location,Рига,ru loc
переехал в Дубай на неделю,1,explicit_location,Дубай,ru loc
я сейчас in Сан-Франциско,1,explicit_location,Сан-Франциско,mixed
я в Варшава на неделю,1,explicit_location,Варшава,ru loc
приехала в Нью-Йорк на выходных,1,explicit_location,Нью-Йорк,ru loc
приехал в Монреаль пока,1,explicit_location,Монреаль,ru loc
теперь в Париж сегодня,1,explicit_location,Париж,ru loc
прилетаю в Стамбул на выходных,1,explicit_location,Стамбул,ru loc
moved to Рига,1,explicit_location,Рига,en loc
приехала в Минск на выходных,1,explicit_location,Минск,ru loc
лечу в Мехико на неделю,1,explicit_location,Мехико,ru loc
приехал в Лондон пока,1,explicit_location,Лондон,ru loc
переехал в Торонто до пятницы,1,explicit_location,Торонто,ru loc
now in Кейптаун,1,explicit_location,Кейптаун,en loc
приехал в Тбилиси сегодня,1,explicit_location,Тбилиси,ru loc
погода в Сан-Франциско,1,explicit_location,Сан-Франциско,weather
перебрался в Дубай на выходных,1,explicit_location,Дубай,ru loc
heat in Париж,1,explicit_location,Париж,en weather
переехал в Москва на выходных,1,explicit_location,Москва,ru loc
переехал to Окленд,1,explicit_location,Окленд,mixed
живу в Буэнос-Айрес,1,explicit_location,Буэнос-Айрес,ru loc
прилетаю в Буэнос-Айрес на выходных,1,explicit_location,Буэнос-Айрес,ru loc
переехала в Мехико,1,explicit_location,Мехико,ru loc
до этого была Окленд,1,change_phrase,Окленд,ru change
сейчас в Париж до пятницы,1,explicit_location,Париж,ru loc
буду в Париж на выходных,1,explicit_location,Париж,ru loc
сейчас в Питер пока,1,explicit_location,Питер,ru loc
сейчас в Тбилиси,1,explicit_location,Тбилиси,ru loc
landing in Нью-Йорк,1,explicit_location,Нью-Йорк,en loc
нахожусь в Рига до пятницы,1,explicit_location,Рига,ru loc
я в Сингапур до пятницы,1,explicit_location,Сингапур,ru loc
съехал в Санкт-Петербург,1,change_phrase,Санкт-Петербург,ru change
сейчас в Питер сегодня,1,explicit_location,Питер,ru loc
переехала в Рим,1,explicit_location,Рим,ru loc
уехал в Сеул,1,change_phrase,Сеул,ru change
прилетаю в Берлин на неделю,1,explicit_location,Берлин,ru loc
я в Прага,1,explicit_location,Прага,ru loc
живу в Стамбул пока,1,explicit_location,Стамбул,ru loc
прилетаю в Тбилиси сегодня,1,explicit_location,Тбилиси,ru loc
нахожусь в Москва,1,explicit_location,Москва,ru loc
лечу в Токио,1,explicit_location,Токио,ru loc
переехала в Питер сегодня,1,explicit_location,Питер,ru loc
я в Питер,1,explicit_location,Питер,ru loc
перебрался в Париж,1,explicit_location,Париж,ru loc
я в Санкт-Петербург на неделю,1,explicit_location,Санкт-Петербург,ru loc
перебрался в Москва сегодня,1,explicit_location,Москва,ru loc
приехала в Сан-Паулу до пятницы,1,explicit_location,Сан-Паулу,ru loc
ты уже в Сан-Франциско?,1,question,Сан-Франциско,ru question
теперь живу в Сан-Паулу до пятницы,1,explicit_location,Сан-Паулу,ru loc
нахожусь в Берлин,1,explicit_location,Берлин,ru loc
буду в Рим пока,1,explicit_location,Рим,ru loc
переехал в Лондон,1,explicit_location,Лондон,ru loc
жара в Мехико,1,explicit_location,Мехико,weather
приехала в Лос-Анджелес до пятницы,1,explicit_location,Лос-Анджелес,ru loc
я в Мехико сегодня,1,explicit_location,Мехико,ru loc
я в Торонто до пятницы,1,explicit_location,Торонто,ru loc
теперь в Барселона на неделю,1,explicit_location,Барселона,ru loc
до этого была Киев,1,change_phrase,Киев,ru change
переехал в Рим на выходных,1,explicit_location,Рим,ru loc
are you still in Кейптаун?,1,question,Кейптаун,en question
я в Прага до пятницы,1,explicit_location,Прага,ru loc
лечу в Сингапур до пятницы,1,explicit_location,Сингапур,ru loc
буду в Монреаль,1,explicit_location,Монреаль,ru loc
уехала в Стамбул,1,change_phrase,Стамбул,ru change
сейчас в Киев на неделю,1,explicit_location,Киев,ru loc
приехала в Лондон до пятницы,1,explicit_location,Лондон,ru loc
сейчас в Монреаль до пятницы,1,explicit_location,Монреаль,ru loc
snow in Санкт-Петербург,1,explicit_location,Санкт-Петербург,en weather
теперь живу в Кейптаун пока,1,explicit_location,Кейптаун,ru loc
живу в Рим на выходных,1,explicit_location,Рим,ru loc
съехала в Нью-Йорк,1,change_phrase,Нью-Йорк,ru change
новости из Сан-Франциско,1,explicit_location,Сан-Франциско,news
are we in Варшава?,1,question,Варшава,en question
сейчас в Сингапур на неделю,1,explicit_location,Сингапур,ru loc
теперь в Санкт-Петербург на неделю,1,explicit_location,Санкт-Петербург,ru loc
дождь в Минск,1,explicit_location,Минск,weather
лечу в Берлин сегодня,1,explicit_location,Берлин,ru loc
сейчас в Токио на выходных,1,explicit_location,Токио,ru loc
нахожусь в Сан-Франциско на неделю,1,explicit_location,Сан-Франциско,ru loc
snow in Стамбул,1,explicit_location,Стамбул,en weather
лечу в Сан-Франциско до пятницы,1,explicit_location,Сан-Франциско,ru loc
живу в Торонто сегодня,1,explicit_location,Торонто,ru loc
приехал в Буэнос-Айрес на неделю,1,explicit_location,Буэнос-Айрес,ru loc
нахожусь в Сан-Франциско сегодня,1,explicit_location,Сан-Франциско,ru loc
сейчас в Питер до пятницы,1,explicit_location,Питер,ru loc
теперь живу в Буэнос-Айрес на неделю,1,explicit_location,Буэнос-Айрес,ru loc
а ты сейчас в Питер?,1,question,Питер,ru question
I am in Токио,1,explicit_location,Токио,en loc
living in Лондон,1,explicit_location,Лондон,en loc
нахожусь в Барселона пока,1,explicit_location,Барселона,ru loc
прилетаю в Минск,1,explicit_location,Минск,ru loc
снег в Сан-Франциско,1,explicit_location,Сан-Франциско,weather
landing in Питер,1,explicit_location,Питер,en loc
я в Монреаль,1,explicit_location,Монреаль,ru loc
приехала в Киев на выходных,1,explicit_location,Киев,ru loc
лечу в Нью-Йорк на выходных,1,explicit_location,Нью-Йорк,ru loc
живу в Мехико на выходных,1,explicit_location,Мехико,ru loc
лечу в Кейптаун на выходных,1,explicit_location,Кейптаун,ru loc
meeting в Сан-Франциско,1,explicit_location,Сан-Франциско,mixed
я в Сан-Паулу пока,1,explicit_location,Сан-Паулу,ru loc
приехала в Рим,1,explicit_location,Рим,ru loc
был в Берлин,1,change_phrase,Берлин,ru change
теперь в Тбилиси сегодня,1,explicit_location,Тбилиси,ru loc
meeting в Париж,1,explicit_location,Париж,mixed
переехала в Тбилиси,1,explicit_location,Тбилиси,ru loc
нахожусь в Буэнос-Айрес на неделю,1,explicit_location,Буэнос-Айрес,ru loc
переехал в Киев на неделю,1,explicit_location,Киев,ru loc
теперь в Москва,1,explicit_location,Москва,ru loc
приехала в Москва пока,1,explicit_location,Москва,ru loc
приехала в Сингапур на неделю,1,explicit_location,Сингапур,ru loc
переехала в Буэнос-Айрес до пятницы,1,explicit_location,Буэнос-Айрес,ru loc
сейчас в Барселона на выходных,1,explicit_location,Барселона,ru loc
лечу в Кейптаун,1,explicit_location,Кейптаун,ru loc
уехала в Окленд,1,change_phrase,Окленд,ru change
прилетаю в Москва до пятницы,1,explicit_location,Москва,ru loc
мы в Прага?,1,question,Прага,ru question
раньше был Кейптаун,1,change_phrase,Кейптаун,ru change
раньше был Нью-Йорк,1,change_phrase,Нью-Йорк,ru change
теперь живу в Питер пока,1,explicit_location,Питер,ru loc
буду в Сеул на неделю,1,explicit_location,Сеул,ru loc
приехал в Сидней,1,explicit_location,Сидней,ru loc
перебрался в Сан-Франциско на неделю,1,explicit_location,Сан-Франциско,ru loc
прилетаю в Варшава до пятницы,1,explicit_location,Варшава,ru loc
живу в Берлин сегодня,1,explicit_location,Берлин,ru loc
прилетаю в Рига пока,1,explicit_location,Рига,ru loc
я в Сан-Франциско до пятницы,1,explicit_location,Сан-Франциско,ru loc
переехал в Дубай на выходных,1,explicit_location,Дубай,ru loc
живу в Берлин,1,explicit_location,Берлин,ru loc
буду в Прага на выходных,1,explicit_location,Прага,ru loc
are you in Киев?,1,question,Киев,en question
meeting в Киев,1,explicit_location,Киев,mixed
буду в Окленд на неделю,1,explicit_location,Окленд,ru loc
снег в Рим,1,explicit_location,Рим,weather
meeting в Варшава,1,explicit_location,Варшава,mixed
до этого был Лондон,1,change_phrase,Лондон,ru change
живу в Берлин до пятницы,1,explicit_location,Берлин,ru loc
landing in Мехико,1,explicit_location,Мехико,en loc
нахожусь в Дубай,1,explicit_location,Дубай,ru loc
теперь в Тбилиси пока,1,explicit_location,Тбилиси,ru loc
meeting в Питер,1,explicit_location,Питер,mixed
перебрался в Рига на неделю,1,explicit_location,Рига,ru loc
живу в Стамбул на выходных,1,explicit_location,Стамбул,ru loc
living in Стамбул,1,explicit_location,Стамбул,en loc
landing in Сан-Паулу,1,explicit_location,Сан-Паулу,en loc
heat in Монреаль,1,explicit_location,Монреаль,en weather
живу в Нью-Йорк сегодня,1,explicit_location,Нью-Йорк,ru loc
перебрался в Москва пока,1,explicit_location,Москва,ru loc
сейчас в Нью-Йорк,1,explicit_location,Нью-Йорк,ru loc
прилетаю в Нью-Йорк на неделю,1,explicit_location,Нью-Йорк,ru loc
я в Тбилиси на неделю,1,explicit_location,Тбилиси,ru loc
приехала в Торонто на неделю,1,explicit_location,Торонто,ru loc
переехала в Санкт-Петербург сегодня,1,explicit_location,Санкт-Петербург,ru loc
до этого был Сингапур,1,change_phrase,Сингапур,ru change
я в Токио до пятницы,1,explicit_location,Токио,ru loc
нахожусь в Нью-Йорк до пятницы,1,explicit_location,Нью-Йорк,ru loc
переехал в Токио пока,1,explicit_location,Токио,ru loc
приехала в Прага пока,1,explicit_location,Прага,ru loc
нахожусь в Сан-Франциско на выходных,1,explicit_location,Сан-Франциско,ru loc
был в Сеул,1,change_phrase,Сеул,ru change
нахожусь в Кейптаун пока,1,explicit_location,Кейптаун,ru loc
я в Питер на неделю,1,explicit_location,Питер,ru loc
буду в Рим,1,explicit_location,Рим,ru loc
сейчас в Сингапур сегодня,1,explicit_location,Сингапур,ru loc
перебрался в Сан-Паулу сегодня,1,explicit_location,Сан-Паулу,ru loc
а ты сейчас в Буэнос-Айрес?,1,question,Буэнос-Айрес,ru question
теперь живу в Окленд на неделю,1,explicit_location,Окленд,ru loc
теперь в Питер пока,1,explicit_location,Питер,ru loc
буду в Лондон на неделю,1,explicit_location,Лондон,ru loc
теперь живу в Стамбул до пятницы,1,explicit_location,Стамбул,ru loc
лечу в Лос-Анджелес на выходных,1,explicit_location,Лос-Анджелес,ru loc
переехал в Санкт-Петербург на выходных,1,explicit_location,Санкт-Петербург,ru loc
переехал в Санкт-Петербург,1,explicit_location,Санкт-Петербург,ru loc
are you still in Киев?,1,question,Киев,en question
буду в Минск до пятницы,1,explicit_location,Минск,ru loc
теперь в Москва сегодня,1,explicit_location,Москва,ru loc
теперь живу в Санкт-Петербург на выходных,1,explicit_location,Санкт-Петербург,ru loc
прилетаю в Рига сегодня,1,explicit_location,Рига,ru loc
перебрался в Монреаль на неделю,1,explicit_location,Монреаль,ru loc
живу в Монреаль на неделю,1,explicit_location,Монреаль,ru loc
уехала в Тбилиси,1,change_phrase,Тбилиси,ru change
лечу в Сеул пока,1,explicit_location,Сеул,ru loc
нахожусь в Москва на выходных,1,explicit_location,Москва,ru loc
теперь живу в Окленд на выходных,1,explicit_location,Окленд,ru loc
погода в Мехико,1,explicit_location,Мехико,weather
переехал в Прага на неделю,1,explicit_location,Прага,ru loc
прилетаю в Окленд до пятницы,1,explicit_location,Окленд,ru loc
прилетаю в Лос-Анджелес на выходных,1,explicit_location,Лос-Анджелес,ru loc
а ты сейчас в Сидней?,1,question,Сидней,ru question
are you already in Кейптаун?,1,question,Кейптаун,en question
переехал в Питер до пятницы,1,explicit_location,Питер,ru loc
приехала в Барселона сегодня,1,explicit_location,Барселона,ru loc
сейчас в Москва сегодня,1,explicit_location,Москва,ru loc
переехал в Варшава до пятницы,1,explicit_location,Варшава,ru loc
переехала в Рига пока,1,explicit_location,Рига,ru loc
теперь в Сеул до пятницы,1,explicit_location,Сеул,ru loc
moved to Стамбул,1,explicit_location,Стамбул,en loc
переехал в Монреаль пока,1,explicit_location,Монреаль,ru loc
heat in Сеул,1,explicit_location,Сеул,en weather
ты уже в Сингапур?,1,question,Сингапур,ru question
приехала в Киев до пятницы,1,explicit_location,Киев,ru loc
переехал в Минск на неделю,1,explicit_location,Минск,ru loc
теперь в Мехико,1,explicit_location,Мехико,ru loc
погода в Питер,1,explicit_location,Питер,weather
сообщают из Рига,1,explicit_location,Рига,news
живу в Рим сегодня,1,explicit_location,Рим,ru loc
living in Санкт-Петербург,1,explicit_location,Санкт-Петербург,en loc
буду в Мехико до пятницы,1,explicit_location,Мехико,ru loc
прилетаю в Барселона,1,explicit_location,Барселона,ru loc
я в Тбилиси,1,explicit_location,Тбилиси,ru loc
уехала в Киев,1,change_phrase,Киев,ru change
я в Лос-Анджелес сегодня,1,explicit_location,Лос-Анджелес,ru loc
теперь живу в Питер сегодня,1,explicit_location,Питер,ru loc
are you already in Париж?,1,question,Париж,en question
живу в Рим на неделю,1,explicit_location,Рим,ru loc
приехал в Питер на неделю,1,explicit_location,Питер,ru loc
я в Рига сегодня,1,explicit_location,Рига,ru loc
переехал в Монреаль на выходных,1,explicit_location,Монреаль,ru loc
я в Дубай до пятницы,1,explicit_location,Дубай,ru loc
раньше был Берлин,1,change_phrase,Берлин,ru change
heat in Стамбул,1,explicit_location,Стамбул,en weather
прилетаю в Сингапур пока,1,explicit_location,Сингапур,ru loc
переехал в Сидней сегодня,1,explicit_location,Сидней,ru loc
нахожусь в Лондон на неделю,1,explicit_location,Лондон,ru loc
перебрался в Монреаль сегодня,1,explicit_location,Монреаль,ru loc
сейчас в Тбилиси на неделю,1,explicit_location,Тбилиси,ru loc
heat in Лос-Анджелес,1,explicit_location,Лос-Анджелес,en weather
приехал в Прага,1,explicit_location,Прага,ru loc
moving to Токио,1,explicit_location,Токио,en loc
я в Сидней пока,1,explicit_location,Сидней,ru loc
сейчас в Прага на неделю,1,explicit_location,Прага,ru loc
нахожусь в Торонто до пятницы,1,explicit_location,Торонто,ru loc
лечу в Монреаль сегодня,1,explicit_location,Монреаль,ru loc
буду в Дубай на неделю,1,explicit_location,Дубай,ru loc
прилетаю в Стамбул на неделю,1,explicit_location,Стамбул,ru loc
теперь живу в Сидней пока,1,explicit_location,Сидней,ru loc
прилетаю в Стамбул сегодня,1,explicit_location,Стамбул,ru loc
вы в Киев?,1,question,Киев,ru question
теперь живу в Мехико до пятницы,1,explicit_location,Мехико,ru loc
дождь в Сан-Франциско,1,explicit_location,Сан-Франциско,weather
лечу в Прага пока,1,explicit_location,Прага,ru loc
переехала в Рига на неделю,1,explicit_location,Рига,ru loc
лечу в Кейптаун пока,1,explicit_location,Кейптаун,ru loc
storm in Рим,1,explicit_location,Рим,en weather
I am in Нью-Йорк,1,explicit_location,Нью-Йорк,en loc
шторм в Дубай,1,explicit_location,Дубай,weather
meeting в Тбилиси,1,explicit_location,Тбилиси,mixed
вы в Лондон?,1,question,Лондон,ru question
приехал в Мехико на выходных,1,explicit_location,Мехико,ru loc
теперь в Рига сегодня,1,explicit_location,Рига,ru loc
прилетаю в Париж пока,1,explicit_location,Париж,ru loc
снег в Сидней,1,explicit_location,Сидней,weather
are we in Стамбул?,1,question,Стамбул,en question
приехала в Рим пока,1,explicit_location,Рим,ru loc
живу в Москва пока,1,explicit_location,Москва,ru loc
are we in Лос-Анджелес?,1,question,Лос-Анджелес,en question
переехала в Киев сегодня,1,explicit_location,Киев,ru loc
landing in Сеул,1,explicit_location,Сеул,en loc
съехала в Сидней,1,change_phrase,Сидней,ru change
приехал в Стамбул до пятницы,1,explicit_location,Стамбул,ru loc
съехал в Стамбул,1,change_phrase,Стамбул,ru change
переехала в Монреаль пока,1,explicit_location,Монреаль,ru loc
я сейчас in Минск,1,explicit_location,Минск,mixed
moved to Париж,1,explicit_location,Париж,en loc
are you already in Стамбул?,1,question,Стамбул,en question
нахожусь в Сидней сегодня,1,explicit_location,Сидней,ru loc
снег в Минск,1,explicit_location,Минск,weather
are you in Стамбул?,1,question,Стамбул,en question
перебрался в Лос-Анджелес,1,explicit_location,Лос-Анджелес,ru loc
прилетаю в Лондон,1,explicit_location,Лондон,ru loc
are you already in Варшава?,1,question,Варшава,en question
репортаж из Барселона,1,explicit_location,Барселона,news
вы в Рига?,1,question,Рига,ru question
был в Окленд,1,change_phrase,Окленд,ru change
жара в Санкт-Петербург,1,explicit_location,Санкт-Петербург,weather
flying to Сан-Франциско,1,explicit_location,Сан-Франциско,en loc
are you in Торонто?,1,question,Торонто,en question
are you still in Сан-Паулу?,1,question,Сан-Паулу,en question
лечу в Монреаль на неделю,1,explicit_location,Монреаль,ru loc
перебрался в Питер на неделю,1,explicit_location,Питер,ru loc
а ты сейчас в Кейптаун?,1,question,Кейптаун,ru question
живу в Монреаль пока,1,explicit_location,Монреаль,ru loc
snow in Питер,1,explicit_location,Питер,en weather
нахожусь в Буэнос-Айрес,1,explicit_location,Буэнос-Айрес,ru loc
переехала в Сингапур на неделю,1,explicit_location,Сингапур,ru loc
flying to Санкт-Петербург,1,explicit_location,Санкт-Петербург,en loc
был в Лос-Анджелес,1,change_phrase,Лос-Анджелес,ru change
теперь в Париж на неделю,1,explicit_location,Париж,ru loc
был в Нью-Йорк,1,change_phrase,Нью-Йорк,ru change
я в Берлин сегодня,1,explicit_location,Берлин,ru loc
нахожусь в Сидней,1,explicit_location,Сидней,ru loc
переехала в Париж на выходных,1,explicit_location,Париж,ru loc
созвон from Тбилиси,1,explicit_location,Тбилиси,mixed
живу в Сеул сегодня,1,explicit_location,Сеул,ru loc
are we in Дубай?,1,question,Дубай,en question
прилетаю в Тбилиси пока,1,explicit_location,Тбилиси,ru loc
приехала в Сан-Франциско,1,explicit_location,Сан-Франциско,ru loc
ты уже в Лондон?,1,question,Лондон,ru question
до этого был Варшава,1,change_phrase,Варшава,ru change
лечу в Москва на выходных,1,explicit_location,Москва,ru loc
переехал в Лос-Анджелес,1,explicit_location,Лос-Анджелес,ru loc
буду в Сан-Паулу сегодня,1,explicit_location,Сан-Паулу,ru loc
теперь живу в Стамбул на неделю,1,explicit_location,Стамбул,ru loc
переехала в Санкт-Петербург пока,1,explicit_location,Санкт-Петербург,ru loc
теперь живу в Рига на выходных,1,explicit_location,Рига,ru loc
погода в Варшава,1,explicit_location,Варшава,weather
нахожусь в Минск на выходных,1,explicit_location,Минск,ru loc
лечу в Мехико сегодня,1,explicit_location,Мехико,ru loc
snow in Тбилиси,1,explicit_location,Тбилиси,en weather
перебрался в Варшава на неделю,1,explicit_location,Варшава,ru loc
лечу в Сингапур на выходных,1,explicit_location,Сингапур,ru loc
а ты сейчас в Барселона?,1,question,Барселона,ru question
перебрался в Париж на неделю,1,explicit_location,Париж,ru loc
живу в Варшава,1,explicit_location,Варшава,ru loc
снег в Киев,1,explicit_location,Киев,weather
ты уже в Рим?,1,question,Рим,ru question
теперь в Питер до пятницы,1,explicit_location,Питер,ru loc
прилетаю в Сеул на неделю,1,explicit_location,Сеул,ru loc
лечу в Тбилиси до пятницы,1,explicit_location,Тбилиси,ru loc
репортаж из Рим,1,explicit_location,Рим,news
прилетаю в Токио на выходных,1,explicit_location,Токио,ru loc
погода в Сидней,1,explicit_location,Сидней,weather
ты уже в Барселона?,1,question,Барселона,ru question
приехал в Сингапур на неделю,1,explicit_location,Сингапур,ru loc
перебрался в Рига пока,1,explicit_location,Рига,ru loc
дождь в Киев,1,explicit_location,Киев,weather
раньше был Рига,1,change_phrase,Рига,ru change
уехал в Лос-Анджелес,1,change_phrase,Лос-Анджелес,ru change
уехала в Мехико,1,change_phrase,Мехико,ru change
I am in Сидней,1,explicit_location,Сидней,en loc
буду в Сингапур до пятницы,1,explicit_location,Сингапур,ru loc
раньше был Сан-Франциско,1,change_phrase,Сан-Франциско,ru change
живу в Окленд до пятницы,1,explicit_location,Окленд,ru loc
прилетаю в Рим до пятницы,1,explicit_location,Рим,ru loc
теперь живу в Сидней до пятницы,1,explicit_location,Сидней,ru loc
была в Дубай,1,change_phrase,Дубай,ru change
раньше была Мехико,1,change_phrase,Мехико,ru change
была в Сингапур,1,change_phrase,Сингапур,ru change
перебрался в Санкт-Петербург сегодня,1,explicit_location,Санкт-Петербург,ru loc
сейчас в Минск пока,1,explicit_location,Минск,ru loc
приехал в Берлин на выходных,1,explicit_location,Берлин,ru loc
буду в Кейптаун на выходных,1,explicit_location,Кейптаун,ru loc
landing in Рим,1,explicit_location,Рим,en loc
сейчас в Торонто,1,explicit_location,Торонто,ru loc
прилетаю в Варшава сегодня,1,explicit_location,Варшава,ru loc
мы в Рига?,1,question,Рига,ru question
we are in Берлин,1,explicit_location,Берлин,en loc
we are in Варшава,1,explicit_location,Варшава,en loc
are you already in Сеул?,1,question,Сеул,en question
сейчас в Сан-Паулу сегодня,1,explicit_location,Сан-Паулу,ru loc
в Тбилиси,1,explicit_location,Тбилиси,weather
переехал в Лос-Анджелес сегодня,1,explicit_location,Лос-Анджелес,ru loc
жара в Буэнос-Айрес,1,explicit_location,Буэнос-Айрес,weather
приехала в Сингапур сегодня,1,explicit_location,Сингапур,ru loc
landing in Москва,1,explicit_location,Москва,en loc
созвон from Лос-Анджелес,1,explicit_location,Лос-Анджелес,mixed
теперь живу в Кейптаун на выходных,1,explicit_location,Кейптаун,ru loc
переехала в Сингапур на выходных,1,explicit_location,Сингапур,ru loc
живу в Монреаль,1,explicit_location,Монреаль,ru loc
are you already in Окленд?,1,question,Окленд,en question
теперь в Нью-Йорк пока,1,explicit_location,Нью-Йорк,ru loc
приехала в Кейптаун на выходных,1,explicit_location,Кейптаун,ru loc
в Париж,1,explicit_location,Париж,weather
буду в Питер на неделю,1,explicit_location,Питер,ru loc
теперь живу в Сан-Франциско на выходных,1,explicit_location,Сан-Франциско,ru loc
приехала в Торонто на выходных,1,explicit_location,Торонто,ru loc
переехал в Нью-Йорк на неделю,1,explicit_location,Нью-Йорк,ru loc
I am in Сингапур,1,explicit_location,Сингапур,en loc
приехала в Варшава,1,explicit_location,Варшава,ru loc
дождь в Лос-Анджелес,1,explicit_location,Лос-Анджелес,weather
are you already in Сидней?,1,question,Сидней,en question
приехал в Рига пока,1,explicit_location,Рига,ru loc
созвон from Монреаль,1,explicit_location,Монреаль,mixed
приехала в Дубай на выходных,1,explicit_location,Дубай,ru loc
нахожусь в Лондон пока,1,explicit_location,Лондон,ru loc
переехал в Варшава пока,1,explicit_location,Варшава,ru loc
переехала в Париж пока,1,explicit_location,Париж,ru loc
приехала в Буэнос-Айрес до пятницы,1,explicit_location,Буэнос-Айрес,ru loc
перебрался в Прага пока,1,explicit_location,Прага,ru loc
приехал в Токио пока,1,explicit_location,Токио,ru loc
flying to Питер,1,explicit_location,Питер,en loc
meeting в Лос-Анджелес,1,explicit_location,Лос-Анджелес,mixed
переехал в Прага на выходных,1,explicit_location,Прага,ru loc
переехала в Минск до пятницы,1,explicit_location,Минск,ru loc
are we in Минск?,1,question,Минск,en question
теперь в Париж,1,explicit_location,Париж,ru loc
я сейчас in Варшава,1,explicit_location,Варшава,mixed
жара в Окленд,1,explicit_location,Окленд,weather
теперь живу в Киев на неделю,1,explicit_location,Киев,ru loc
живу в Сингапур,1,explicit_location,Сингапур,ru loc
нахожусь в Нью-Йорк на выходных,1,explicit_location,Нью-Йорк,ru loc
сейчас в Рига пока,1,explicit_location,Рига,ru loc
живу в Питер до пятницы,1,explicit_location,Питер,ru loc
я в Прага на неделю,1,explicit_location,Прага,ru loc
storm in Лос-Анджелес,1,explicit_location,Лос-Анджелес,en weather
буду в Москва сегодня,1,explicit_location,Москва,ru loc
переехал в Киев сегодня,1,explicit_location,Киев,ru loc
переехал в Питер на неделю,1,explicit_location,Питер,ru loc
storm in Рига,1,explicit_location,Рига,en weather
созвон from Барселона,1,explicit_location,Барселона,mixed
я в Лос-Анджелес пока,1,explicit_location,Лос-Анджелес,ru loc
буду в Буэнос-Айрес до пятницы,1,explicit_location,Буэнос-Айрес,ru loc
живу в Сингапур пока,1,explicit_location,Сингапур,ru loc
перебрался в Москва на выходных,1,explicit_location,Москва,ru loc
живу в Сан-Франциско сегодня,1,explicit_location,Сан-Франциско,ru loc
срочно из Мехико,1,explicit_location,Мехико,news
переехала в Дубай пока,1,explicit_location,Дубай,ru loc
живу в Париж,1,explicit_location,Париж,ru loc
flying to Москва,1,explicit_location,Москва,en loc
сейчас в Минск на неделю,1,explicit_location,Минск,ru loc
сейчас в Минск на выходных,1,explicit_location,Минск,ru loc
репортаж из Прага,1,explicit_location,Прага,news
сейчас в Прага до пятницы,1,explicit_location,Прага,ru loc
сейчас в Киев сегодня,1,explicit_location,Киев,ru loc
we are in Сан-Паулу,1,explicit_location,Сан-Паулу,en loc
раньше была Стамбул,1,change_phrase,Стамбул,ru change
перебрался в Питер пока,1,explicit_location,Питер,ru loc
нахожусь в Прага на неделю,1,explicit_location,Прага,ru loc
до этого была Сан-Франциско,1,change_phrase,Сан-Франциско,ru change
буду в Лос-Анджелес,1,explicit_location,Лос-Анджелес,ru loc
теперь живу в Варшава,1,explicit_location,Варшава,ru loc
переехал в Монреаль до пятницы,1,explicit_location,Монреаль,ru loc
переехал в Лос-Анджелес до пятницы,1,explicit_location,Лос-Анджелес,ru loc
живу в Париж сегодня,1,explicit_location,Париж,ru loc
переехал to Рим,1,explicit_location,Рим,mixed
шторм в Буэнос-Айрес,1,explicit_location,Буэнос-Айрес,weather
are you still in Берлин?,1,question,Берлин,en question
прилетаю в Киев до пятницы,1,explicit_location,Киев,ru loc
storm in Варшава,1,explicit_location,Варшава,en weather
я в Берлин на неделю,1,explicit_location,Берлин,ru loc
I am in Москва,1,explicit_location,Москва,en loc
сообщают из Питер,1,explicit_location,Питер,news
была в Токио,1,change_phrase,Токио,ru change
переехал в Киев пока,1,explicit_location,Киев,ru loc
лечу в Рига пока,1,explicit_location,Рига,ru loc
теперь живу в Киев сегодня,1,explicit_location,Киев,ru loc
живу в Прага сегодня,1,explicit_location,Прага,ru loc
нахожусь в Сингапур на выходных,1,explicit_location,Сингапур,ru loc
based in Токио,1,explicit_location,Токио,en loc
буду в Сидней,1,explicit_location,Сидней,ru loc
сейчас в Сан-Франциско сегодня,1,explicit_location,Сан-Франциско,ru loc
приехала в Санкт-Петербург,1,explicit_location,Санкт-Петербург,ru loc
переехала в Дубай,1,explicit_location,Дубай,ru loc
лечу в Сеул сегодня,1,explicit_location,Сеул,ru loc
лечу в Сидней на неделю,1,explicit_location,Сидней,ru loc
теперь живу в Санкт-Петербург,1,explicit_location,Санкт-Петербург,ru loc
ты в Лос-Анджелес?,1,question,Лос-Анджелес,ru question
нахожусь в Варшава,1,explicit_location,Варшава,ru loc
буду в Рим до пятницы,1,explicit_location,Рим,ru loc
репортаж из Москва,1,explicit_location,Москва,news
переехала в Рига сегодня,1,explicit_location,Рига,ru loc
теперь живу в Москва сегодня,1,explicit_location,Москва,ru loc
snow in Кейптаун,1,explicit_location,Кейптаун,en weather
буду в Буэнос-Айрес пока,1,explicit_location,Буэнос-Айрес,ru loc
переехала в Буэнос-Айрес,1,explicit_location,Буэнос-Айрес,ru loc
ты уже в Париж?,1,question,Париж,ru question
я в Варшава на выходных,1,explicit_location,Варшава,ru loc
moved to Рим,1,explicit_location,Рим,en loc
репортаж из Берлин,1,explicit_location,Берлин,news
сообщают из Сан-Франциско,1,explicit_location,Сан-Франциско,news
живу в Тбилиси на выходных,1,explicit_location,Тбилиси,ru loc
переехал в Сан-Франциско,1,explicit_location,Сан-Франциско,ru loc
вы в Дубай?,1,question,Дубай,ru question
живу в Рим до пятницы,1,explicit_location,Рим,ru loc
переехал в Буэнос-Айрес до пятницы,1,explicit_location,Буэнос-Айрес,ru loc
приехал в Тбилиси на выходных,1,explicit_location,Тбилиси,ru loc
moved to Минск,1,explicit_location,Минск,en loc
живу в Монреаль до пятницы,1,explicit_location,Монреаль,ru loc
буду в Токио на неделю,1,explicit_location,Токио,ru loc
living in Токио,1,explicit_location,Токио,en loc
я в Лос-Анджелес,1,explicit_location,Лос-Анджелес,ru loc
are you in Сеул?,1,question,Сеул,en question
живу в Берлин пока,1,explicit_location,Берлин,ru loc
теперь живу в Прага сегодня,1,explicit_location,Прага,ru loc
я в Сидней сегодня,1,explicit_location,Сидней,ru loc
переехал to Нью-Йорк,1,explicit_location,Нью-Йорк,mixed
приехал в Окленд,1,explicit_location,Окленд,ru loc
вы в Буэнос-Айрес?,1,question,Буэнос-Айрес,ru question
приехала в Прага,1,explicit_location,Прага,ru loc
буду в Токио пока,1,explicit_location,Токио,ru loc
нахожусь в Буэнос-Айрес до пятницы,1,explicit_location,Буэнос-Айрес,ru loc
перебрался в Стамбул сегодня,1,explicit_location,Стамбул,ru loc
перебрался в Дубай пока,1,explicit_location,Дубай,ru loc
приехала в Сан-Франциско до пятницы,1,explicit_location,Сан-Франциско,ru loc
буду в Кейптаун сегодня,1,explicit_location,Кейптаун,ru loc
living in Барселона,1,explicit_location,Барселона,en loc
moved to Сингапур,1,explicit_location,Сингапур,en loc
лечу в Мехико,1,explicit_location,Мехико,ru loc
уехал в Монреаль,1,change_phrase,Монреаль,ru change
лечу в Варшава на неделю,1,explicit_location,Варшава,ru loc
теперь в Стамбул сегодня,1,explicit_location,Стамбул,ru loc
созвон from Санкт-Петербург,1,explicit_location,Санкт-Петербург,mixed
переехала в Прага пока,1,explicit_location,Прага,ru loc
приехала в Сингапур до пятницы,1,explicit_location,Сингапур,ru loc
are you still in Париж?,1,question,Париж,en question
сейчас в Санкт-Петербург сегодня,1,explicit_location,Санкт-Петербург,ru loc
moving to Сан-Паулу,1,explicit_location,Сан-Паулу,en loc
переехал в Берлин на выходных,1,explicit_location,Берлин,ru loc
живу в Дубай до пятницы,1,explicit_location,Дубай,ru loc
была в Сидней,1,change_phrase,Сидней,ru change
съехала в Питер,1,change_phrase,Питер,ru change
теперь в Торонто до пятницы,1,explicit_location,Торонто,ru loc
приехала в Париж на выходных,1,explicit_location,Париж,ru loc
переехал to Монреаль,1,explicit_location,Монреаль,mixed
я в Торонто сегодня,1,explicit_location,Торонто,ru loc
сообщают из Москва,1,explicit_location,Москва,news
перебрался в Окленд,1,explicit_location,Окленд,ru loc
storm in Париж,1,explicit_location,Париж,en weather
лечу в Варшава пока,1,explicit_location,Варшава,ru loc
теперь в Лос-Анджелес пока,1,explicit_location,Лос-Анджелес,ru loc
сообщают из Дубай,1,explicit_location,Дубай,news
переехала в Сеул на выходных,1,explicit_location,Сеул,ru loc
moved to Берлин,1,explicit_location,Берлин,en loc
переехала в Санкт-Петербург до пятницы,1,explicit_location,Санкт-Петербург,ru loc
приехала в Варшава на неделю,1,explicit_location,Варшава,ru loc
я в Санкт-Петербург до пятницы,1,explicit_location,Санкт-Петербург,ru loc
буду в Кейптаун на неделю,1,explicit_location,Кейптаун,ru loc
based in Варшава,1,explicit_location,Варшава,en loc
срочно из Париж,1,explicit_location,Париж,news
сейчас в Сингапур пока,1,explicit_location,Сингапур,ru loc
переехала в Окленд на выходных,1,explicit_location,Окленд,ru loc
нахожусь в Монреаль на выходных,1,explicit_location,Монреаль,ru loc
репортаж из Кейптаун,1,explicit_location,Кейптаун,news
нахожусь в Москва до пятницы,1,explicit_location,Москва,ru loc
теперь в Сан-Паулу,1,explicit_location,Сан-Паулу,ru loc
переехал в Париж сегодня,1,explicit_location,Париж,ru loc
приехала в Сеул на неделю,1,explicit_location,Сеул,ru loc
перебрался в Кейптаун сегодня,1,explicit_location,Кейптаун,ru loc
теперь живу в Тбилиси до пятницы,1,explicit_location,Тбилиси,ru loc
буду в Буэнос-Айрес сегодня,1,explicit_location,Буэнос-Айрес,ru loc
теперь в Торонто на выходных,1,explicit_location,Торонто,ru loc
landing in Дубай,1,explicit_location,Дубай,en loc
перебрался в Лондон сегодня,1,explicit_location,Лондон,ru loc
приехала в Санкт-Петербург до пятницы,1,explicit_location,Санкт-Петербург,ru loc
теперь живу в Рига сегодня,1,explicit_location,Рига,ru loc
я в Барселона сегодня,1,explicit_location,Барселона,ru loc
новости из Кейптаун,1,explicit_location,Кейптаун,news
прилетаю в Лондон пока,1,explicit_location,Лондон,ru loc
now in Париж,1,explicit_location,Париж,en loc
are you in Буэнос-Айрес?,1,question,Буэнос-Айрес,en question
теперь живу в Лондон,1,explicit_location,Лондон,ru loc
была в Минск,1,change_phrase,Минск,ru change
я в Питер до пятницы,1,explicit_location,Питер,ru loc
до этого была Рим,1,change_phrase,Рим,ru change
прилетаю в Сан-Паулу,1,explicit_location,Сан-Паулу,ru loc
are you in Нью-Йорк?,1,question,Нью-Йорк,en question
шторм в Нью-Йорк,1,explicit_location,Нью-Йорк,weather
переехал в Берлин,1,explicit_location,Берлин,ru loc
are you in Кейптаун?,1,question,Кейптаун,en question
я в Киев пока,1,explicit_location,Киев,ru loc
до этого была Берлин,1,change_phrase,Берлин,ru change
приехала в Сан-Франциско сегодня,1,explicit_location,Сан-Франциско,ru loc
сейчас в Дубай до пятницы,1,explicit_location,Дубай,ru loc
сообщают из Сидней,1,explicit_location,Сидней,news
нахожусь в Париж,1,explicit_location,Париж,ru loc
сейчас в Торонто до пятницы,1,explicit_location,Торонто,ru loc
приехал в Минск пока,1,explicit_location,Минск,ru loc
storm in Дубай,1,explicit_location,Дубай,en weather
съехал в Минск,1,change_phrase,Минск,ru change
я в Токио,1,explicit_location,Токио,ru loc
я в Стамбул до пятницы,1,explicit_location,Стамбул,ru loc
переехала в Москва до пятницы,1,explicit_location,Москва,ru loc
переехал в Лос-Анджелес на неделю,1,explicit_location,Лос-Анджелес,ru loc
прилетаю в Варшава на выходных,1,explicit_location,Варшава,ru loc
прилетаю в Буэнос-Айрес пока,1,explicit_location,Буэнос-Айрес,ru loc
теперь в Минск,1,explicit_location,Минск,ru loc
приехал в Лондон,1,explicit_location,Лондон,ru loc
в Монреаль,1,explicit_location,Монреаль,weather
я в Лондон сегодня,1,explicit_location,Лондон,ru loc
раньше был Токио,1,change_phrase,Токио,ru change
приехал в Берлин,1,explicit_location,Берлин,ru loc
живу в Киев на выходных,1,explicit_location,Киев,ru loc
жара в Лос-Анджелес,1,explicit_location,Лос-Анджелес,weather
буду в Киев на выходных,1,explicit_location,Киев,ru loc
буду в Тбилиси,1,explicit_location,Тбилиси,ru loc
снег в Париж,1,explicit_location,Париж,weather
moved to Окленд,1,explicit_location,Окленд,en loc
сейчас в Сан-Франциско,1,explicit_location,Сан-Франциско,ru loc
шторм в Торонто,1,explicit_location,Торонто,weather
нахожусь в Нью-Йорк на неделю,1,explicit_location,Нью-Йорк,ru loc
перебрался в Нью-Йорк пока,1,explicit_location,Нью-Йорк,ru loc
перебрался в Сеул,1,explicit_location,Сеул,ru loc
I am in Лос-Анджелес,1,explicit_location,Лос-Анджелес,en loc
лечу в Киев пока,1,explicit_location,Киев,ru loc
буду в Лос-Анджелес на неделю,1,explicit_location,Лос-Анджелес,ru loc
перебрался в Сан-Франциско сегодня,1,explicit_location,Сан-Франциско,ru loc
вы в Стамбул?,1,question,Стамбул,ru question
приехала в Сан-Паулу пока,1,explicit_location,Сан-Паулу,ru loc
я сейчас in Сеул,1,explicit_location,Сеул,mixed
прилетаю в Дубай на выходных,1,explicit_location,Дубай,ru loc
теперь в Санкт-Петербург сегодня,1,explicit_location,Санкт-Петербург,ru loc
живу в Варшава на выходных,1,explicit_location,Варшава,ru loc
до этого был Москва,1,change_phrase,Москва,ru change
был в Киев,1,change_phrase,Киев,ru change
созвон from Москва,1,explicit_location,Москва,mixed
moved to Сан-Франциско,1,explicit_location,Сан-Франциско,en loc
теперь живу в Барселона до пятницы,1,explicit_location,Барселона,ru loc
are you still in Барселона?,1,question,Барселона,en question
теперь живу в Москва на выходных,1,explicit_location,Москва,ru loc
теперь в Сидней на неделю,1,explicit_location,Сидней,ru loc
лечу в Буэнос-Айрес,1,explicit_location,Буэнос-Айрес,ru loc
буду в Варшава до пятницы,1,explicit_location,Варшава,ru loc
до этого был Лос-Анджелес,1,change_phrase,Лос-Анджелес,ru change
moving to Минск,1,explicit_location,Минск,en loc
приехал в Буэнос-Айрес до пятницы,1,explicit_location,Буэнос-Айрес,ru loc
приехал в Варшава пока,1,explicit_location,Варшава,ru loc
нахожусь в Варшава пока,1,explicit_location,Варшава,ru loc
съехала в Барселона,1,change_phrase,Барселона,ru change
приехал в Берлин сегодня,1,explicit_location,Берлин,ru loc
живу в Дубай сегодня,1,explicit_location,Дубай,ru loc
приехал в Торонто до пятницы,1,explicit_location,Торонто,ru loc
теперь в Минск на неделю,1,explicit_location,Минск,ru loc
съехала в Берлин,1,change_phrase,Берлин,ru change
живу в Варшава на неделю,1,explicit_location,Варшава,ru loc
я в Тбилиси сегодня,1,explicit_location,Тбилиси,ru loc
до этого был Минск,1,change_phrase,Минск,ru change
я в Сан-Франциско пока,1,explicit_location,Сан-Франциско,ru loc
теперь живу в Токио на выходных,1,explicit_location,Токио,ru loc
буду в Сеул,1,explicit_location,Сеул,ru loc
лечу в Берлин на неделю,1,explicit_location,Берлин,ru loc
лечу в Сеул на выходных,1,explicit_location,Сеул,ru loc
перебрался в Токио сегодня,1,explicit_location,Токио,ru loc
moving to Рим,1,explicit_location,Рим,en loc
weather in Варшава,1,explicit_location,Варшава,en weather
snow in Окленд,1,explicit_location,Окленд,en weather
перебрался в Мехико,1,explicit_location,Мехико,ru loc
перебрался в Лондон до пятницы,1,explicit_location,Лондон,ru loc
лечу в Токио до пятницы,1,explicit_location,Токио,ru loc
живу в Сидней на неделю,1,explicit_location,Сидней,ru loc
лечу в Дубай пока,1,explicit_location,Дубай,ru loc
буду в Рига до пятницы,1,explicit_location,Рига,ru loc
я в Париж пока,1,explicit_location,Париж,ru loc
нахожусь в Варшава до пятницы,1,explicit_location,Варшава,ru loc
теперь в Буэнос-Айрес на выходных,1,explicit_location,Буэнос-Айрес,ru loc
живу в Питер на выходных,1,explicit_location,Питер,ru loc
теперь живу в Тбилиси на выходных,1,explicit_location,Тбилиси,ru loc
съехала в Рига,1,change_phrase,Рига,ru change
прилетаю в Торонто,1,explicit_location,Торонто,ru loc
are we in Тбилиси?,1,question,Тбилиси,en question
are you already in Сан-Паулу?,1,question,Сан-Паулу,en question
жара в Прага,1,explicit_location,Прага,weather
I am in Буэнос-Айрес,1,explicit_location,Буэнос-Айрес,en loc
now in Барселона,1,explicit_location,Барселона,en loc
живу в Варшава пока,1,explicit_location,Варшава,ru loc
новости из Берлин,1,explicit_location,Берлин,news
лечу в Буэнос-Айрес пока,1,explicit_location,Буэнос-Айрес,ru loc
погода в Киев,1,explicit_location,Киев,weather
новости из Дубай,1,explicit_location,Дубай,news
теперь живу в Прага на выходных,1,explicit_location,Прага,ru loc
живу в Сидней сегодня,1,explicit_location,Сидней,ru loc
теперь живу в Сан-Франциско на неделю,1,explicit_location,Сан-Франциско,ru loc
я в Нью-Йорк пока,1,explicit_location,Нью-Йорк,ru loc
погода в Окленд,1,explicit_location,Окленд,weather
сейчас в Лос-Анджелес на выходных,1,explicit_location,Лос-Анджелес,ru loc
переехала в Сан-Франциско сегодня,1,explicit_location,Сан-Франциско,ru loc
был в Торонто,1,change_phrase,Торонто,ru change
теперь в Сеул,1,explicit_location,Сеул,ru loc
ты уже в Токио?,1,question,Токио,ru question
приехал в Монреаль до пятницы,1,explicit_location,Монреаль,ru loc
перебрался в Лондон,1,explicit_location,Лондон,ru loc
переехала в Киев до пятницы,1,explicit_location,Киев,ru loc
был в Буэнос-Айрес,1,change_phrase,Буэнос-Айрес,ru change
based in Лос-Анджелес,1,explicit_location,Лос-Анджелес,en loc
перебрался в Торонто сегодня,1,explicit_location,Торонто,ru loc
ты в Стамбул?,1,question,Стамбул,ru question
я в Буэнос-Айрес на выходных,1,explicit_location,Буэнос-Айрес,ru loc
буду в Питер до пятницы,1,explicit_location,Питер,ru loc
приехала в Дубай на неделю,1,explicit_location,Дубай,ru loc
я в Нью-Йорк до пятницы,1,explicit_location,Нью-Йорк,ru loc
flying to Мехико,1,explicit_location,Мехико,en loc
теперь живу в Барселона на выходных,1,explicit_location,Барселона,ru loc
буду в Монреаль до пятницы,1,explicit_location,Монреаль,ru loc
I am in Сан-Франциско,1,explicit_location,Сан-Франциско,en loc
moving to Прага,1,explicit_location,Прага,en loc
была в Питер,1,change_phrase,Питер,ru change
живу в Сеул пока,1,explicit_location,Сеул,ru loc
до этого была Москва,1,change_phrase,Москва,ru change
теперь в Москва до пятницы,1,explicit_location,Москва,ru loc
срочно из Монреаль,1,explicit_location,Монреаль,news
are we in Питер?,1,question,Питер,en question
ты в Берлин?,1,question,Берлин,ru question
раньше была Тбилиси,1,change_phrase,Тбилиси,ru change
переехал to Сингапур,1,explicit_location,Сингапур,mixed
мы в Лос-Анджелес?,1,question,Лос-Анджелес,ru question
ты уже в Берлин?,1,question,Берлин,ru question
нахожусь в Прага до пятницы,1,explicit_location,Прага,ru loc
приехала в Барселона до пятницы,1,explicit_location,Барселона,ru loc
я в Монреаль пока,1,explicit_location,Монреаль,ru loc
сейчас в Лондон сегодня,1,explicit_location,Лондон,ru loc
переехал в Лондон сегодня,1,explicit_location,Лондон,ru loc
weather in Окленд,1,explicit_location,Окленд,en weather
теперь в Рим на неделю,1,explicit_location,Рим,ru loc
живу в Рим,1,explicit_location,Рим,ru loc
переехал to Мехико,1,explicit_location,Мехико,mixed
живу в Питер сегодня,1,explicit_location,Питер,ru loc
I am in Париж,1,explicit_location,Париж,en loc
теперь живу в Монреаль,1,explicit_location,Монреаль,ru loc
нахожусь в Питер на выходных,1,explicit_location,Питер,ru loc
созвон from Берлин,1,explicit_location,Берлин,mixed
теперь в Рим,1,explicit_location,Рим,ru loc
moving to Питер,1,explicit_location,Питер,en loc
сейчас в Стамбул,1,explicit_location,Стамбул,ru loc
до этого был Прага,1,change_phrase,Прага,ru change
приехал в Кейптаун на выходных,1,explicit_location,Кейптаун,ru loc
уехала в Рига,1,change_phrase,Рига,ru change
съехала в Окленд,1,change_phrase,Окленд,ru change
сообщают из Нью-Йорк,1,explicit_location,Нью-Йорк,news
приехал в Париж на неделю,1,explicit_location,Париж,ru loc
живу в Буэнос-Айрес на выходных,1,explicit_location,Буэнос-Айрес,ru loc
переехала в Лос-Анджелес на выходных,1,explicit_location,Лос-Анджелес,ru loc
нахожусь в Кейптаун,1,explicit_location,Кейптаун,ru loc
прилетаю в Сидней до пятницы,1,explicit_location,Сидней,ru loc
теперь живу в Варшава сегодня,1,explicit_location,Варшава,ru loc
теперь в Монреаль сегодня,1,explicit_location,Монреаль,ru loc
репортаж из Париж,1,explicit_location,Париж,news
шторм в Минск,1,explicit_location,Минск,weather
ты уже в Сан-Паулу?,1,question,Сан-Паулу,ru question
переехал в Барселона сегодня,1,explicit_location,Барселона,ru loc
ты в Минск?,1,question,Минск,ru question
я в Мехико на неделю,1,explicit_location,Мехико,ru loc
теперь живу в Монреаль сегодня,1,explicit_location,Монреаль,ru loc
съехала в Монреаль,1,change_phrase,Монреаль,ru change
перебрался в Киев на выходных,1,explicit_location,Киев,ru loc
нахожусь в Киев на неделю,1,explicit_location,Киев,ru loc
сейчас в Париж сегодня,1,explicit_location,Париж,ru loc
сообщают из Рим,1,explicit_location,Рим,news
была в Москва,1,change_phrase,Москва,ru change
приехал в Рим до пятницы,1,explicit_location,Рим,ru loc
сейчас в Стамбул пока,1,explicit_location,Стамбул,ru loc
лечу в Рим пока,1,explicit_location,Рим,ru loc
снег в Лос-Анджелес,1,explicit_location,Лос-Анджелес,weather
переехала в Прага до пятницы,1,explicit_location,Прага,ru loc
живу в Сидней до пятницы,1,explicit_location,Сидней,ru loc
storm in Прага,1,explicit_location,Прага,en weather
are you still in Прага?,1,question,Прага,en question
до этого была Питер,1,change_phrase,Питер,ru change
жара в Рим,1,explicit_location,Рим,weather
теперь живу в Берлин сегодня,1,explicit_location,Берлин,ru loc
are we in Барселона?,1,question,Барселона,en question
приехала в Сан-Франциско пока,1,explicit_location,Сан-Франциско,ru loc
погода в Рига,1,explicit_location,Рига,weather
теперь в Минск до пятницы,1,explicit_location,Минск,ru loc
moved to Москва,1,explicit_location,Москва,en loc
сейчас в Берлин сегодня,1,explicit_location,Берлин,ru loc
landing in Монреаль,1,explicit_location,Монреаль,en loc
лечу в Стамбул,1,explicit_location,Стамбул,ru loc
приехала в Варшава пока,1,explicit_location,Варшава,ru loc
переехал в Сеул пока,1,explicit_location,Сеул,ru loc
сейчас в Токио сегодня,1,explicit_location,Токио,ru loc
переехал в Дубай пока,1,explicit_location,Дубай,ru loc
я в Окленд сегодня,1,explicit_location,Окленд,ru loc
сейчас в Сеул до пятницы,1,explicit_location,Сеул,ru loc
сейчас в Париж на выходных,1,explicit_location,Париж,ru loc
I am in Барселона,1,explicit_location,Барселона,en loc
нахожусь в Мехико сегодня,1,explicit_location,Мехико,ru loc
дождь в Мехико,1,explicit_location,Мехико,weather
переехала в Тбилиси сегодня,1,explicit_location,Тбилиси,ru loc
переехал в Санкт-Петербург сегодня,1,explicit_location,Санкт-Петербург,ru loc
storm in Нью-Йорк,1,explicit_location,Нью-Йорк,en weather
are you in Париж?,1,question,Париж,en question
landing in Окленд,1,explicit_location,Окленд,en loc
heat in Варшава,1,explicit_location,Варшава,en weather
буду в Барселона на неделю,1,explicit_location,Барселона,ru loc
снег в Питер,1,explicit_location,Питер,weather
теперь живу в Сингапур на выходных,1,explicit_location,Сингапур,ru loc
дождь в Монреаль,1,explicit_location,Монреаль,weather
flying to Барселона,1,explicit_location,Барселона,en loc
переехал в Токио до пятницы,1,explicit_location,Токио,ru loc
я сейчас in Окленд,1,explicit_location,Окленд,mixed
живу в Нью-Йорк,1,explicit_location,Нью-Йорк,ru loc
перебрался в Барселона пока,1,explicit_location,Барселона,ru loc
приехал в Варшава на неделю,1,explicit_location,Варшава,ru loc
meeting в Нью-Йорк,1,explicit_location,Нью-Йорк,mixed
теперь живу в Торонто до пятницы,1,explicit_location,Торонто,ru loc
сейчас в Стамбул на неделю,1,explicit_location,Стамбул,ru loc
переехала в Москва сегодня,1,explicit_location,Москва,ru loc
storm in Сан-Франциско,1,explicit_location,Сан-Франциско,en weather
срочно из Прага,1,explicit_location,Прага,news
приехала в Барселона,1,explicit_location,Барселона,ru loc
теперь живу в Лос-Анджелес на неделю,1,explicit_location,Лос-Анджелес,ru loc
ты уже в Минск?,1,question,Минск,ru question
лечу в Стамбул на неделю,1,explicit_location,Стамбул,ru loc
submit PR,0,none,,task
оценка 2.5,0,none,,number
пакет 15,0,none,,number
rate 99,0,none,,money
спасибо,0,none,,neutral
ticket 50,0,none,,number
open календарь,0,none,,task
update PR,0,none,,task
open таб,0,none,,task
согласуй draft,0,none,,task
подготовь документ,0,none,,task
согласуй задачу,0,none,,task
share документ,0,none,,task
submit issue,0,none,,task
исправь комментарий,0,none,,task
fee 10%,0,none,,money
ticket 3.0,0,none,,number
close сборку,0,none,,task
пакет 404,0,none,,number
статус 30,0,none,,number
review комментарий,0,none,,task
start сборку,0,none,,task
версия 12,0,none,,number
pause файл,0,none,,task
исправь описание,0,none,,task
room 5,0,none,,number
review описание,0,none,,task
сделай документ,0,none,,task
оценка 5,0,none,,number
задач 15,0,none,,number
запусти задачу,0,none,,task
pause комментарий,0,none,,task
pause документ,0,none,,task
номер 100,0,none,,number
close отчет,0,none,,task
share календарь,0,none,,task
review таблицу,0,none,,task
версия 50,0,none,,number
балл 12,0,none,,number
₽15,0,none,,money
закоммить комментарий,0,none,,task
запусти PR,0,none,,task
подготовь лог,0,none,,task
finish сборку,0,none,,task
заверши таб,0,none,,task
скидка 15,0,none,,number
отправь status,0,none,,task
проверь задачу,0,none,,task
версия 3.0,0,none,,number
скидка 123,0,none,,number
pause PR,0,none,,task
релиз 12,0,none,,number
обнови календарь,0,none,,task
€14.50,0,none,,money
€1200,0,none,,money
€20,0,none,,money
start note,0,none,,task
итого 404,0,none,,number
share issue,0,none,,task
процент 100,0,none,,number
share описание,0,none,,task
open файл,0,none,,task
start комментарий,0,none,,task
подготовь план,0,none,,task
close таб,0,none,,task
сделай таб,0,none,,task
finish задачу,0,none,,task
submit план,0,none,,task
отправь тикет,0,none,,task
share деплой,0,none,,task
share status,0,none,,task
подготовь презентацию,0,none,,task
open лог,0,none,,task
start документ,0,none,,task
запусти лог,0,none,,task
подготовь тикет,0,none,,task
переносим,0,none,,neutral
сделай PR,0,none,,task
готово,0,none,,neutral
share задачу,0,none,,task
сделай деплой,0,none,,task
согласуй отчет,0,none,,task
update комментарий,0,none,,task
rate 20,0,none,,money
проверь status,0,none,,task
заверши файл,0,none,,task
закоммить деплой,0,none,,task
rate 15,0,none,,money
$5%,0,none,,money
номер 123,0,none,,number
обнови PR,0,none,,task
исправь draft,0,none,,task
fee 14.50,0,none,,money
€99,0,none,,money
обнови status,0,none,,task
созвон отменяем,0,none,,neutral
заверши issue,0,none,,task
stop файл,0,none,,task
сделай файл,0,none,,task
процент 50,0,none,,number
подготовь сборку,0,none,,task
code 15,0,none,,number
итого 20,0,none,,number
₽99,0,none,,money
fee 5%,0,none,,money
pause таб,0,none,,task
pause отчет,0,none,,task
стоимость 14.50,0,none,,money
отправь issue,0,none,,task
share презентацию,0,none,,task
исправь сборку,0,none,,task
подготовь файл,0,none,,task
submit календарь,0,none,,task
исправь PR,0,none,,task
stop описание,0,none,,task
start деплой,0,none,,task
заверши описание,0,none,,task
исправь лог,0,none,,task
finish план,0,none,,task
согласуй описание,0,none,,task
скидка 20,0,none,,number
share отчет,0,none,,task
заверши сборку,0,none,,task
оценка 404,0,none,,number
finish презентацию,0,none,,task
согласуй таб,0,none,,task
finish лог,0,none,,task
задач 20,0,none,,number
задач 5,0,none,,number
update отчет,0,none,,task
исправь презентацию,0,none,,task
open таблицу,0,none,,task
rate 10%,0,none,,money
open status,0,none,,task
update файл,0,none,,task
submit отчет,0,none,,task
отправь отчет,0,none,,task
invoice 14.50,0,none,,money
итого 12,0,none,,number
подготовь issue,0,none,,task
room 30,0,none,,number
закоммить план,0,none,,task
start status,0,none,,task
₽20,0,none,,money
sounds good,0,none,,neutral
сделай лог,0,none,,task
согласуй таблицу,0,none,,task
update календарь,0,none,,task
релиз 404,0,none,,number
open комментарий,0,none,,task
update презентацию,0,none,,task
fee 1200,0,none,,money
цена 10%,0,none,,money
задач 3.0,0,none,,number
подготовь таблицу,0,none,,task
submit draft,0,none,,task
запусти деплой,0,none,,task
open сборку,0,none,,task
update тикет,0,none,,task
балл 20,0,none,,number
open план,0,none,,task
запусти draft,0,none,,task
open деплой,0,none,,task
open issue,0,none,,task
pause описание,0,none,,task
цена 5%,0,none,,money
сделай отчет,0,none,,task
invoice 5%,0,none,,money
submit комментарий,0,none,,task
понял,0,none,,neutral
пакет 3.0,0,none,,number
подготовь note,0,none,,task
номер 50,0,none,,number
сделай сборку,0,none,,task
start календарь,0,none,,task
стоимость 10%,0,none,,money
процент 404,0,none,,number
close таблицу,0,none,,task
review note,0,none,,task
submit задачу,0,none,,task
start презентацию,0,none,,task
finish файл,0,none,,task
проверь файл,0,none,,task
₽350,0,none,,money
итого 2.5,0,none,,number
обнови лог,0,none,,task
submit лог,0,none,,task
закоммить документ,0,none,,task
finish note,0,none,,task
close комментарий,0,none,,task
обнови таблицу,0,none,,task
room 404,0,none,,number
согласуй комментарий,0,none,,task
code 404,0,none,,number
ticket 123,0,none,,number
start тикет,0,none,,task
review документ,0,none,,task
исправь календарь,0,none,,task
start draft,0,none,,task
отправь таб,0,none,,task
запусти сборку,0,none,,task
заверши деплой,0,none,,task
finish тикет,0,none,,task
скидка 5,0,none,,number
цена 14.50,0,none,,money
скидка 3.0,0,none,,number
позже напишу,0,none,,neutral
заверши презентацию,0,none,,task
релиз 20,0,none,,number
версия 123,0,none,,number
update задачу,0,none,,task
подготовь деплой,0,none,,task
code 100,0,none,,number
процент 30,0,none,,number
запусти файл,0,none,,task
обнови план,0,none,,task
скидка 100,0,none,,number
заверши документ,0,none,,task
share таб,0,none,,task
запусти таб,0,none,,task
релиз 5,0,none,,number
цена 350,0,none,,money
rate 1200,0,none,,money
процент 123,0,none,,number
code 30,0,none,,number
подготовь status,0,none,,task
сделай описание,0,none,,task
close документ,0,none,,task
pause таблицу,0,none,,task
стоимость 1200,0,none,,money
stop таблицу,0,none,,task
исправь файл,0,none,,task
версия 404,0,none,,number
сделай draft,0,none,,task
балл 100,0,none,,number
share тикет,0,none,,task
share сборку,0,none,,task
отправь файл,0,none,,task
start файл,0,none,,task
проверь календарь,0,none,,task
номер 20,0,none,,number
сделай issue,0,none,,task
code 20,0,none,,number
working on it,0,none,,misc
submit тикет,0,none,,task
закоммить issue,0,none,,task
номер 12,0,none,,number
запусти таблицу,0,none,,task
update сборку,0,none,,task
обнови тикет,0,none,,task
без локации,0,none,,misc
submit таб,0,none,,task
fee 15,0,none,,money
review таб,0,none,,task
запусти status,0,none,,task
stop календарь,0,none,,task
закоммить note,0,none,,task
finish документ,0,none,,task
need help,0,none,,misc
start лог,0,none,,task
стоимость 20,0,none,,money
заверши тикет,0,none,,task
code 50,0,none,,number
close презентацию,0,none,,task
share лог,0,none,,task
процент 2.5,0,none,,number
отправь комментарий,0,none,,task
проверь PR,0,none,,task
pause деплой,0,none,,task
проверь презентацию,0,none,,task
релиз 30,0,none,,number
submit презентацию,0,none,,task
заверши план,0,none,,task
open документ,0,none,,task
invoice 15,0,none,,money
open draft,0,none,,task
$10%,0,none,,money
stop лог,0,none,,task
задач 12,0,none,,number
review отчет,0,none,,task
₽5%,0,none,,money
версия 30,0,none,,number
ticket 100,0,none,,number
заверши draft,0,none,,task
finish таб,0,none,,task
процент 12,0,none,,number
исправь таблицу,0,none,,task
проверь тикет,0,none,,task
проверь план,0,none,,task
стоимость 5%,0,none,,money
close status,0,none,,task
релиз 2.5,0,none,,number
исправь note,0,none,,task
close деплой,0,none,,task
версия 100,0,none,,number
заверши note,0,none,,task
invoice 1200,0,none,,money
статус 3.0,0,none,,number
share комментарий,0,none,,task
pause задачу,0,none,,task
thanks,0,none,,misc
4:1,0,none,,score
ticket 30,0,none,,number
проверь документ,0,none,,task
room 100,0,none,,number
задач 100,0,none,,number
сделай план,0,none,,task
статус 404,0,none,,number
2:0,0,none,,score
сделай тикет,0,none,,task
review PR,0,none,,task
update таблицу,0,none,,task
исправь issue,0,none,,task
update draft,0,none,,task
обнови draft,0,none,,task
жду фидбек,0,none,,neutral
close draft,0,none,,task
fee 350,0,none,,money
задач 2.5,0,none,,number
оценка 100,0,none,,number
отправь задачу,0,none,,task
send the report,0,none,,misc
согласуй деплой,0,none,,task
€10%,0,none,,money
проверь деплой,0,none,,task
исправь отчет,0,none,,task
stop задачу,0,none,,task
запусти документ,0,none,,task
цена 20,0,none,,money
исправь таб,0,none,,task
цена 1200,0,none,,money
invoice 10%,0,none,,money
₽14.50,0,none,,money
версия 20,0,none,,number
обнови issue,0,none,,task
code 5,0,none,,number
review issue,0,none,,task
$20,0,none,,money
room 12,0,none,,number
пакет 2.5,0,none,,number
оценка 15,0,none,,number
скидка 30,0,none,,number
на связи,0,none,,neutral
fee 99,0,none,,money
балл 2.5,0,none,,number
обнови таб,0,none,,task
open note,0,none,,task
ticket 12,0,none,,number
close тикет,0,none,,task
статус 15,0,none,,number
pause сборку,0,none,,task
счёт 3:2,0,none,,score
stop деплой,0,none,,task
room 2.5,0,none,,number
закоммить календарь,0,none,,task
start задачу,0,none,,task
share план,0,none,,task
code 123,0,none,,number
pause календарь,0,none,,task
stop issue,0,none,,task
оценка 30,0,none,,number
отправь draft,0,none,,task
заверши лог,0,none,,task
закоммить PR,0,none,,task
share файл,0,none,,task
перерыв,0,none,,neutral
запусти комментарий,0,none,,task
₽10%,0,none,,money
проверь draft,0,none,,task
обнови деплой,0,none,,task
закоммить описание,0,none,,task
закоммить сборку,0,none,,task
номер 404,0,none,,number
итого 3.0,0,none,,number
исправь status,0,none,,task
заверши задачу,0,none,,task
итого 30,0,none,,number
€5%,0,none,,money
заверши комментарий,0,none,,task
отправь таблицу,0,none,,task
исправь документ,0,none,,task
оценка 50,0,none,,number
$1200,0,none,,money
закоммить файл,0,none,,task
обнови задачу,0,none,,task
проверь комментарий,0,none,,task
review задачу,0,none,,task
запусти отчет,0,none,,task
stop отчет,0,none,,task
сделай status,0,none,,task
on it,0,none,,misc
сделай комментарий,0,none,,task
invoice 350,0,none,,money
обнови note,0,none,,task
задач 30,0,none,,number
номер 30,0,none,,number
submit таблицу,0,none,,task
итого 5,0,none,,number
review план,0,none,,task
start таблицу,0,none,,task
open отчет,0,none,,task
review status,0,none,,task
submit деплой,0,none,,task
согласуй PR,0,none,,task
finish draft,0,none,,task
room 50,0,none,,number
€15,0,none,,money
запусти презентацию,0,none,,task
code 12,0,none,,number
согласуй тикет,0,none,,task
close файл,0,none,,task
запусти issue,0,none,,task
отправь документ,0,none,,task
задач 123,0,none,,number
all good,0,none,,neutral
review деплой,0,none,,task
балл 5,0,none,,number
update деплой,0,none,,task
submit файл,0,none,,task
pause status,0,none,,task
10:5,0,none,,score
review draft,0,none,,task
finish issue,0,none,,task
релиз 50,0,none,,number
open PR,0,none,,task
балл 50,0,none,,number
привет,0,none,,neutral
все по плану,0,none,,misc
подготовь таб,0,none,,task
roger,0,none,,neutral
update лог,0,none,,task
отправь лог,0,none,,task
start план,0,none,,task
stop PR,0,none,,task
ticket 20,0,none,,number
pause note,0,none,,task
finish комментарий,0,none,,task
finish таблицу,0,none,,task
итого 50,0,none,,number
проверь отчет,0,none,,task
созвонимся позже,0,none,,misc
start таб,0,none,,task
закоммить лог,0,none,,task
update status,0,none,,task
запусти описание,0,none,,task
номер 2.5,0,none,,number
проверь лог,0,none,,task
проверь issue,0,none,,task
$99,0,none,,money
обнови сборку,0,none,,task
обнови документ,0,none,,task
всё ок,0,none,,neutral
finish описание,0,none,,task
start описание,0,none,,task
обнови отчет,0,none,,task
review календарь,0,none,,task
согласуй status,0,none,,task
балл 15,0,none,,number
отправь план,0,none,,task
пакет 5,0,none,,number
статус 20,0,none,,number
статус 5,0,none,,number
закоммить status,0,none,,task
close PR,0,none,,task
$14.50,0,none,,money
pause презентацию,0,none,,task
согласуй лог,0,none,,task
закоммить draft,0,none,,task
проверь note,0,none,,task
pause тикет,0,none,,task
pause draft,0,none,,task
версия 2.5,0,none,,number
заверши отчет,0,none,,task
open задачу,0,none,,task
close описание,0,none,,task
закоммить отчет,0,none,,task
подготовь draft,0,none,,task
close issue,0,none,,task
submit документ,0,none,,task
исправь тикет,0,none,,task
пакет 100,0,none,,number
review файл,0,none,,task
задач 50,0,none,,number
пакет 123,0,none,,number
отправь деплой,0,none,,task
finish деплой,0,none,,task
$350,0,none,,money
share draft,0,none,,task
rate 5%,0,none,,money
update note,0,none,,task
room 3.0,0,none,,number
update описание,0,none,,task
согласуй сборку,0,none,,task
закоммить задачу,0,none,,task
stop сборку,0,none,,task
вопрос решен,0,none,,neutral
оценка 20,0,none,,number
отправь календарь,0,none,,task
балл 123,0,none,,number
делаю задачу,0,none,,neutral
